Hashtag,Cluster,Count
winniethepoohfan,"['winniethepoohfan', 'winniethepoohmpreg', 'winniethepoohtheme']",10
winning,['winning'],2
winningisnteverything,['winningisnteverything'],1
winnipeg,['winnipeg'],1
winnythebish,['winnythebish'],2
winonameadows,['winonameadows'],3
winonaryder,['winonaryder'],2
winston,"['winston', 'winstonandnick', 'winstonbishop', 'winstondog', 'winstonduke', 'winstonedit', 'winstongraham', 'winstonschmidt']",36
winstonandcecemessaround,['winstonandcecemessaround'],2
winstonbishop,"['winstonbishop', 'winstonbishopedits']",18
winstonedit,"['winstonedit', 'winstonschmidtedit']",2
winstonnbchannibal,['winstonnbchannibal'],1
winstonnewgirl,['winstonnewgirl'],1
winstonschmidt,"['winstonschmidt', 'winstonschmidtedit']",5
winter,"['winter', 'winterbaron', 'winterbones', 'winterfalcon', 'winterfell', 'winterfield', 'winterfrost', 'wintergames', 'winterhawk', 'winteriron', 'winteriscoming', 'winterpanther', 'wintersoldier', 'wintersoldieredit', 'winterspider', 'wintervibes', 'winterwidow', 'winterwidowedit']",207
winterlov3,['winterlov3'],6
wintersfield,['wintersfield'],1
winterwidow,"['winterwidow', 'winterwidowsupremacy']",7
winthechat,['winthechat'],1
winx,"['winx', 'winx9', 'winxaisha', 'winxanagan', 'winxb', 'winxbelievix', 'winxbirthday', 'winxbloom', 'winxbloomedit', 'winxbrandon', 'winxclub', 'winxcollection', 'winxcollector', 'winxcouples', 'winxdarkar', 'winxdoll', 'winxdolls', 'winxedit', 'winxedits', 'winxenchantix', 'winxfairy', 'winxfan', 'winxfanfic', 'winxfanfiction', 'winxfans', 'winxflora', 'winxforever', 'winxgirls', 'winxhelia', 'winxinitaly', 'winxisback', 'winxlaya', 'winxlayla', 'winxlove', 'winxmagic', 'winxmattel', 'winxmitzi', 'winxmovie', 'winxmusa', 'winxnecklace', 'winxnetflix', 'winxnews', 'winxpink', 'winxpower', 'winxreboot', 'winxriven', 'winxroxy', 'winxsaga', 'winxscenes', 'winxsky', 'winxspecialists', 'winxstella', 'winxtecna', 'winxtimmy', 'winxvaltor', 'winxvillain', 'worldofwinx']",608
winx4kids,"['winx4kids', 'winx4season', 'winxclubseason4', 'winxseason4']",7
winx4season,"['winx4season', 'winx8season', 'winxclubseason2', 'winxclubseason3', 'winxclubseason4', 'winxclubseason6', 'winxclubseason9', 'winxseason2', 'winxseason4', 'winxseason6', 'winxseason8', 'winxseason9', 'youngjusticeseason4', 'youseason4', 'youseason4edit', 'youseason4part2']",82
winx9,"['winx9', 'winxclubseason9', 'winxseason9']",10
winxaisha,"['winxaisha', 'winxclubaisha']",7
winxbloom,"['winxbloom', 'winxbloomix', 'winxclubbloom', 'winxclubdarkbloom', 'winxclubskyandbloom', 'winxdarkbloom', 'winxvaltorbloom']",29
winxbloomedit,"['winxbloomedit', 'winxclubbloomedit', 'winxclubdarkbloomedit']",5
winxbloomix,"['winxbloomix', 'winxclubbloom', 'winxclubdarkbloom', 'winxclubmyrhix', 'winxclubskyandbloom', 'winxdarkbloom', 'winxlovix', 'winxvaltorbloom']",19
winxbrandon,"['winxbrandon', 'winxclubbrandon', 'winxclubstellaandbrandon']",14
winxclub,"['winxclub', 'winxclubaisha', 'winxclubbloom', 'winxclubbloomedit', 'winxclubbrandon', 'winxclubcouples', 'winxclubdarkbloom', 'winxclubdarkbloomedit', 'winxclubedit', 'winxclubeditor', 'winxclubedits', 'winxclubflora', 'winxclubforever', 'winxclubhelia', 'winxclubisback', 'winxclubitaly', 'winxclublayla', 'winxclubminisiries', 'winxclubmyrhix', 'winxclubmythixtransformatiin', 'winxcluboffical', 'winxclubofficial', 'winxclubold', 'winxclubpilot', 'winxclubprototype', 'winxclubreboot', 'winxclubseason2', 'winxclubseason3', 'winxclubseason4', 'winxclubseason6', 'winxclubseason9', 'winxclubshop', 'winxclubsky', 'winxclubskyandbloom', 'winxclubspecialists', 'winxclubstella', 'winxclubstellaandbrandon']",321
winxclubbloom,"['winxclubbloom', 'winxclubbloomedit', 'winxclubbrandon', 'winxclubcouples', 'winxclubdarkbloom', 'winxclubdarkbloomedit', 'winxclubedit', 'winxclubeditor', 'winxclubedits', 'winxclubflora', 'winxclubforever', 'winxclubhelia', 'winxclubisback', 'winxclubitaly', 'winxclublayla', 'winxclubminisiries', 'winxclubmyrhix', 'winxcluboffical', 'winxclubofficial', 'winxclubold', 'winxclubpilot', 'winxclubprototype', 'winxclubreboot', 'winxclubseason2', 'winxclubseason3', 'winxclubseason4', 'winxclubseason6', 'winxclubseason9', 'winxclubshop', 'winxclubsky', 'winxclubskyandbloom', 'winxclubspecialists', 'winxclubstella', 'winxclubstellaandbrandon', 'winxdarkbloom', 'winxvaltorbloom']",140
winxclubcouples,"['winxclubcouples', 'winxclubdarkbloom', 'winxclubdarkbloomedit', 'winxclubedit', 'winxclubeditor', 'winxclubedits', 'winxclubflora', 'winxclubforever', 'winxclubhelia', 'winxclubisback', 'winxclubitaly', 'winxclublayla', 'winxclubminisiries', 'winxclubmyrhix', 'winxcluboffical', 'winxclubofficial', 'winxclubold', 'winxclubpilot', 'winxclubprototype', 'winxclubreboot', 'winxclubseason2', 'winxclubseason3', 'winxclubseason4', 'winxclubseason6', 'winxclubseason9', 'winxclubshop', 'winxclubsky', 'winxclubskyandbloom', 'winxclubspecialists', 'winxclubstella', 'winxclubstellaandbrandon', 'winxcouples']",119
winxclubedit,"['winxclubedit', 'winxclubeditor', 'winxclubedits', 'winxclubflora', 'winxclubforever', 'winxclubhelia', 'winxclubisback', 'winxclubitaly', 'winxclublayla', 'winxclubminisiries', 'winxclubmyrhix', 'winxcluboffical', 'winxclubofficial', 'winxclubold', 'winxclubpilot', 'winxclubprototype', 'winxclubreboot', 'winxclubseason2', 'winxclubseason3', 'winxclubseason4', 'winxclubseason6', 'winxclubseason9', 'winxclubshop', 'winxclubsky', 'winxclubskyandbloom', 'winxclubspecialists', 'winxclubstella', 'winxclubstellaandbrandon', 'winxedit', 'winxheliaedit']",146
winxclubedits,"['winxclubedits', 'winxclubflora', 'winxclubforever', 'winxclubhelia', 'winxclubisback', 'winxclubitaly', 'winxclublayla', 'winxclubminisiries', 'winxclubmyrhix', 'winxcluboffical', 'winxclubofficial', 'winxclubold', 'winxclubpilot', 'winxclubprototype', 'winxclubreboot', 'winxclubseason2', 'winxclubseason3', 'winxclubseason4', 'winxclubseason6', 'winxclubseason9', 'winxclubshop', 'winxclubsky', 'winxclubskyandbloom', 'winxclubspecialists', 'winxclubstella', 'winxclubstellaandbrandon', 'winxedits']",81
winxclubflora,"['winxclubflora', 'winxclubforever', 'winxclubhelia', 'winxclubisback', 'winxclubitaly', 'winxclublayla', 'winxclubminisiries', 'winxclubmyrhix', 'winxcluboffical', 'winxclubofficial', 'winxclubold', 'winxclubpilot', 'winxclubprototype', 'winxclubreboot', 'winxclubseason2', 'winxclubseason3', 'winxclubseason4', 'winxclubseason6', 'winxclubseason9', 'winxclubshop', 'winxclubsky', 'winxclubskyandbloom', 'winxclubspecialists', 'winxclubstella', 'winxclubstellaandbrandon', 'winxflora', 'winxfloraandhelia']",67
winxclubforever,"['winxclubforever', 'winxclubhelia', 'winxclubisback', 'winxclubitaly', 'winxclublayla', 'winxclubminisiries', 'winxclubmyrhix', 'winxcluboffical', 'winxclubofficial', 'winxclubold', 'winxclubpilot', 'winxclubprototype', 'winxclubreboot', 'winxclubseason2', 'winxclubseason3', 'winxclubseason4', 'winxclubseason6', 'winxclubseason9', 'winxclubshop', 'winxclubsky', 'winxclubskyandbloom', 'winxclubspecialists', 'winxclubstella', 'winxclubstellaandbrandon', 'winxforever']",66
winxclubhelia,"['winxclubhelia', 'winxclubisback', 'winxclubitaly', 'winxclublayla', 'winxclubminisiries', 'winxclubmyrhix', 'winxcluboffical', 'winxclubofficial', 'winxclubold', 'winxclubpilot', 'winxclubprototype', 'winxclubreboot', 'winxclubseason2', 'winxclubseason3', 'winxclubseason4', 'winxclubseason6', 'winxclubseason9', 'winxclubshop', 'winxclubsky', 'winxclubskyandbloom', 'winxclubspecialists', 'winxclubstella', 'winxclubstellaandbrandon', 'winxfloraandhelia', 'winxhelia', 'winxheliaedit']",62
winxclubisback,"['winxclubisback', 'winxclubitaly', 'winxclublayla', 'winxclubminisiries', 'winxclubmyrhix', 'winxcluboffical', 'winxclubofficial', 'winxclubold', 'winxclubpilot', 'winxclubprototype', 'winxclubreboot', 'winxclubseason2', 'winxclubseason3', 'winxclubseason4', 'winxclubseason6', 'winxclubseason9', 'winxclubshop', 'winxclubsky', 'winxclubskyandbloom', 'winxclubspecialists', 'winxclubstella', 'winxclubstellaandbrandon', 'winxisback']",52
winxclubitaly,"['winxclubitaly', 'winxclublayla', 'winxclubminisiries', 'winxclubmyrhix', 'winxcluboffical', 'winxclubofficial', 'winxclubold', 'winxclubpilot', 'winxclubprototype', 'winxclubreboot', 'winxclubseason2', 'winxclubseason3', 'winxclubseason4', 'winxclubseason6', 'winxclubseason9', 'winxclubshop', 'winxclubsky', 'winxclubskyandbloom', 'winxclubspecialists', 'winxclubstella', 'winxclubstellaandbrandon', 'winxinitaly', 'winxinitalydrop']",54
winxclublayla,"['winxclublayla', 'winxclubminisiries', 'winxclubmyrhix', 'winxcluboffical', 'winxclubofficial', 'winxclubold', 'winxclubpilot', 'winxclubprototype', 'winxclubreboot', 'winxclubseason2', 'winxclubseason3', 'winxclubseason4', 'winxclubseason6', 'winxclubseason9', 'winxclubshop', 'winxclubsky', 'winxclubskyandbloom', 'winxclubspecialists', 'winxclubstella', 'winxclubstellaandbrandon', 'winxlayla']",51
winxclubmyrhix,"['winxclubmyrhix', 'winxclubmythixtransformatiin', 'winxcluboffical', 'winxclubofficial', 'winxclubold', 'winxclubpilot', 'winxclubprototype', 'winxclubreboot', 'winxclubshop', 'winxclubsky', 'winxclubspecialists', 'winxclubstella', 'winxlovix']",38
winxclubreboot,"['winxclubreboot', 'winxclubseason2', 'winxclubseason3', 'winxclubseason4', 'winxclubseason6', 'winxclubseason9', 'winxclubshop', 'winxclubsky', 'winxclubskyandbloom', 'winxclubspecialists', 'winxclubstella', 'winxclubstellaandbrandon', 'winxreboot']",35
winxclubseason2,"['winxclubseason2', 'winxclubseason3', 'winxclubseason4', 'winxclubseason6', 'winxclubseason9', 'winxclubshop', 'winxclubsky', 'winxclubspecialists', 'winxclubstella', 'winxseason2', 'winxseason4', 'winxseason6', 'winxseason8', 'winxseason9', 'yellowjacketsseason2']",41
winxclubseason4,"['winxclubseason4', 'winxclubseason6', 'winxclubseason9', 'winxclubshop', 'winxclubsky', 'winxclubspecialists', 'winxclubstella', 'winxseason2', 'winxseason4', 'winxseason6', 'winxseason8', 'winxseason9', 'youseason4', 'youseason4edit']",49
winxclubsky,"['winxclubsky', 'winxclubskyandbloom', 'winxclubspecialists', 'winxclubstella', 'winxclubstellaandbrandon', 'winxsky']",19
winxclubskyandbloom,"['winxclubskyandbloom', 'winxclubspecialists', 'winxclubstella', 'winxdarkbloom', 'winxsky', 'winxvaltorbloom']",18
winxclubspecialists,"['winxclubspecialists', 'winxclubstella', 'winxclubstellaandbrandon', 'winxspecialists']",17
winxclubstella,"['winxclubstella', 'winxclubstellaandbrandon', 'winxstella', 'winxstellaqueen']",25
winxcosmix,['winxcosmix'],1
winxfairy,"['winxfairy', 'winxfairydust']",4
winxieedits,['winxieedits'],2
winxlove,"['winxlove', 'withlovewithlovelove']",2
winxnabu,['winxnabu'],4
winxseason2,"['winxseason2', 'winxseason4', 'winxseason6', 'winxseason8', 'winxseason9', 'yellowjacketsseason2', 'youngjusticeseason2', 'youseason4part2']",46
winxvaltor,"['winxvaltor', 'winxvaltorbloom']",5
winxx,['winxx'],2
winxyamp,['winxyamp'],1
wip,['wip'],4
wired,"['wired', 'wiredmagazine']",3
wiredautocompleteinterview,['wiredautocompleteinterview'],5
wiredtechsupport,['wiredtechsupport'],1
wirelessheadphones,['wirelessheadphones'],1
wisconsin,['wisconsin'],1
wisdom,"['wisdom', 'wordsofwisdom']",4
wise,"['wise', 'wisewords']",3
wish,"['wish', 'wishkid', 'wishlist', 'wishyouthebest']",20
wishesdocometrue,"['wishesdocometrue', 'wonderscometrue']",3
wishlist,"['wishlist', 'wishlistinspo', 'wishlistwednesday']",14
wishuponastaratx,['wishuponastaratx'],1
wisterialane,['wisterialane'],1
witch,"['witch', 'witchcomic', 'witchitaly', 'witchreboot', 'witchshow', 'witchstan', 'witchygames', 'witchyhumor', 'witchyvibes']",61
witchcraft,['witchcraft'],3
witchczarodziejki,['witchczarodziejki'],3
witchedit,['witchedit'],3
witches,"['witches', 'witchesghost', 'witchessilver']",16
witchesofthistlegrove,['witchesofthistlegrove'],1
witchgraphicnovel,['witchgraphicnovel'],1
witchtokspells,['witchtokspells'],1
witchtvseries,['witchtvseries'],2
witchycozygames,"['witchycozygames', 'witchygames']",2
withgreatpowercomesgreatresponsibilty,['withgreatpowercomesgreatresponsibilty'],1
withlovewithlovelove,"['withlovewithlovelove', 'younglove']",11
without,"['without', 'withoutfeeling']",6
withrosalind,['withrosalind'],2
withspidy1,['withspidy1'],1
wits,['wits'],1
wittaker,"['wittaker', 'wittakersiblings']",3
wivesof,['wivesof'],8
wizard,"['wizard', 'wizardofoz']",12
wizardingword,"['wizardingword', 'word']",2
wizardingworld,"['wizardingworld', 'wizardingworldedit', 'wizardingworldofharrypotter', 'world']",13
wizardingworldedit,"['wizardingworldedit', 'wizardingworldofharrypotter', 'worldonfireedit']",4
wizards,"['wizards', 'wizardsofthecoast', 'wizardspod']",7
wizardsoftheblackcircle,['wizardsoftheblackcircle'],1
wizardsofwaverlyplace,['wizardsofwaverlyplace'],12
wldst,['wldst'],1
wls,"['wls', 'wlscaotico']",3
wlw,"['wlw', 'wlwandmlmsolidarity', 'wlwbooksbookrecs', 'wlwcouple', 'wlwedit', 'wlwedits', 'wlwmemes', 'wlwpoetry', 'wlwpositivity', 'wlwreads', 'wlwromance', 'wlwship', 'wlwswiftie', 'wlwtv']",273
wnba,['wnba'],1
wnbhd,['wnbhd'],3
wnchesterz,['wnchesterz'],1
wnt5ing,['wnt5ing'],1
wnxsquad,['wnxsquad'],7
woah,"['woah', 'woso']",7
wobblycat,['wobblycat'],1
wocker,"['wocker', 'woso']",8
woderwoman,"['woderwoman', 'womderwoman']",2
wojtek,['wojtek'],1
woke,"['woke', 'wokememe', 'wokememes', 'wokemob', 'wokeuplikethis']",16
wokenessnonesense,['wokenessnonesense'],3
wokka,['wokka'],2
woleparks,['woleparks'],9
woleverine,['woleverine'],1
wolf,"['wolf', 'wolfdog', 'wolfhat', 'wolfie', 'wolfinsheeps', 'wolfspider', 'wolfstar', 'wolfstaredit', 'wolfwren']",38
wolfinsheeps,"['wolfinsheeps', 'wolfinsheepsclothing']",3
wolfpack,['wolfpack'],1
wolfsbanex,"['wolfsbanex', 'x']",24
wolfstar,"['wolfstar', 'wolfstarfanfic', 'wolfstarmunroe', 'wolfstarsupremacy']",24
wolrdsfinest,['wolrdsfinest'],1
wolverine,"['wolverine', 'wolverineedit', 'wolverinefans', 'wolverineorigins']",213
wolverineanddeadpool,['wolverineanddeadpool'],1
wolverineandthexmen,"['wolverineandthexmen', 'wolverineandthexmenedit', 'wolverineeosxmen', 'xmen', 'xmen1992', 'xmen2', 'xmen2000s', 'xmen3', 'xmen60', 'xmen97', 'xmenapocalypse', 'xmenasmidnights', 'xmenclassico', 'xmencomic', 'xmencomics', 'xmencomicsedit', 'xmenconfrontofinal', 'xmencosplay', 'xmencyclops', 'xmendarkphoenix', 'xmendarkphonex', 'xmendestiny', 'xmendr', 'xmened', 'xmenedit', 'xmenedits', 'xmenevolution', 'xmenevolutionedit', 'xmenevolutionedits', 'xmenevolutionkitty', 'xmenexcalibur', 'xmenfallofx', 'xmenfanart', 'xmenfanfic', 'xmenfanfiction', 'xmenfans', 'xmenfirstclass', 'xmenfirstclassedit', 'xmengold', 'xmenhellfiregala', 'xmenkrakoa', 'xmenlaststand', 'xmenmarvel', 'xmenmeme', 'xmenmemes', 'xmenmovie', 'xmenmovies', 'xmenmutants', 'xmenmystique', 'xmenmystiqueedit', 'xmenorigins', 'xmenpov', 'xmenred', 'xmenrogue', 'xmenrogueedit', 'xmenseries', 'xmenseriesedit', 'xmenshadowcat', 'xmentheanimatedseries', 'xmenuniverse', 'xmenvote', 'xmenwolverine', 'xmenwomen']",1956
wolverineandthexmenedit,"['wolverineandthexmenedit', 'wolverineedit', 'wolverineeosxmen', 'wolverineoriginsedit', 'x23edit', 'xmen', 'xmen1992', 'xmen2', 'xmen2000s', 'xmen3', 'xmen60', 'xmen97', 'xmenapocalypse', 'xmenasmidnights', 'xmenclassico', 'xmencomic', 'xmencomics', 'xmencomicsedit', 'xmencosplay', 'xmencyclops', 'xmendestiny', 'xmendr', 'xmened', 'xmenedit', 'xmenedits', 'xmenevolution', 'xmenevolutionedit', 'xmenexcalibur', 'xmenfallofx', 'xmenfanfic', 'xmenfanfiction', 'xmenfans', 'xmengold', 'xmenkrakoa', 'xmenmarvel', 'xmenmeme', 'xmenmemes', 'xmenmovie', 'xmenmovies', 'xmenmutants', 'xmenmystique', 'xmenmystiqueedit', 'xmenorigins', 'xmenpov', 'xmenred', 'xmenrogue', 'xmenrogueedit', 'xmenseries', 'xmenseriesedit', 'xmenthelaststandedit', 'xmenuniverse', 'xmenvote', 'xmenwolverine', 'xmenwomen']",1878
wolverinefanart,"['wolverinefanart', 'xmenfanart', 'youngjusticefanart']",6
wolverineorigins,"['wolverineorigins', 'wolverineoriginsedit']",2
wolversilver,['wolversilver'],4
wolves,['wolves'],4
wolveseatdogswp,['wolveseatdogswp'],1
wolvesilver,['wolvesilver'],1
wolwerineedit,['wolwerineedit'],1
womahoodstruggles,"['womahoodstruggles', 'wonderwoma']",3
woman,"['woman', 'womanempoweringwoman', 'womanempowerment', 'womanequivalent', 'womaninfinance', 'womaninstem', 'womanintech', 'womanofthedecade', 'womanpower', 'wonderwoman', 'wondewoman']",650
womanhistorymonth,"['womanhistorymonth', 'womenshistorymonth']",3
womanhood,['womanhood'],6
womanizer,['womanizer'],1
womanownedbusiness,"['womanownedbusiness', 'womenownedbusiness', 'womenownedsmallbusiness']",7
womanwithfacialhair,['womanwithfacialhair'],1
womb,"['womb', 'wombtransplant']",3
womderwoman,"['womderwoman', 'wonderwom']",3
women,"['women', 'womenbelike', 'womenempoweringwomen', 'womenempowerment', 'womenentrepreneur', 'womenfashion', 'womenfootball', 'womenhood', 'womeninarmor', 'womeninbusiness', 'womenincoding', 'womeninconstruction', 'womeninengineering', 'womeninfilm', 'womeninfinance', 'womeningaming', 'womeninhistory', 'womeninleadership', 'womeninmotorsport', 'womeninspace', 'womeninsports', 'womeninstem', 'womenintech', 'womeninventors', 'womenlovingwomen', 'womenofdc', 'womenofmarvel', 'womenover40', 'womenover50', 'womenover60', 'womenowned', 'womenpower', 'womenproblems', 'womenprotectingwomen', 'womenrights', 'womensafety', 'womensecret', 'womensport', 'womensupportingwomen', 'womenswear', 'womentravel', 'womenwhocode', 'womenwhodiy', 'womenwithadhd', 'wonderwomen', 'workoutforwomen', 'workoutsforwomen', 'xwomen']",392
womenentreprenuer,['womenentreprenuer'],1
womenf1,"['womenf1', 'womeninformula1']",5
womeninbusiness,"['womeninbusiness', 'womenownedbusiness', 'womenownedsmallbusiness']",7
womenincomicculture,"['womenincomicculture', 'womenincomicspaces']",4
womenincomputerscience,['womenincomputerscience'],3
womeninenginerring,['womeninenginerring'],1
womeninstem,"['womeninstem', 'womeninstemcheck']",74
womenintech,"['womenintech', 'womenintechclub']",57
womenowned,"['womenowned', 'womenownedbusiness', 'womenownedsmallbusiness']",8
womenppwer,['womenppwer'],1
womenprobs,['womenprobs'],1
womensempowerment,"['womensempowerment', 'womensonly']",2
womensfashion,"['womensfashion', 'womensonly']",2
womensfootball,"['womensfootball', 'womensfootballedit', 'womensonly']",5
womensfootballedit,"['womensfootballedit', 'womenssocceredit']",3
womenshealth,"['womenshealth', 'womenshealthnews', 'womensonly']",6
womenshistory,"['womenshistory', 'womenshistorymonth', 'womensonly']",6
womensonly,"['womensonly', 'womensrights', 'womenssafety', 'womenssoccer', 'womenssports', 'womensworldcup', 'womenswrongs']",19
womenssoccer,"['womenssoccer', 'womenssocceredit']",3
womensweightloss,['womensweightloss'],1
womensworldcup,"['womensworldcup', 'worldcup']",11
womenswrongs,"['womenswrongs', 'womenswrongsactivist']",3
wonder,"['wonder', 'wonderbat', 'wonderbatedit', 'wonderbath', 'wonderboy', 'wondercheetah', 'wondercon', 'wonderdove', 'wonderfam', 'wonderfamedit', 'wonderfamily', 'wondergirl', 'wondergirls', 'wondergoat', 'wonderofu', 'wonderstruck', 'wondertrev', 'wondertwins', 'wonderwell', 'wonderwoman', 'wonderwomen']",899
wonderbat,"['wonderbat', 'wonderbatdceu']",156
wonderbatdceu,"['wonderbatdceu', 'wonderwomandc']",4
wondercheetah,"['wondercheetah', 'wondercheetahedit']",21
wondercheetahedit,"['wondercheetahedit', 'wonderdoveedit', 'wondereomanedit', 'wondergirledit', 'wonderwoman1984edit', 'wonderwoman2009edit', 'wonderwomanedit', 'wonderwomenedit']",117
wondercon,"['wondercon', 'wondercon2023']",3
wonderdove,"['wonderdove', 'wonderdoveedit']",2
wonderful,['wonderful'],1
wondergirl,"['wondergirl', 'wondergirledit']",45
wonderland,['wonderland'],8
wonderlandtaylorsversion,['wonderlandtaylorsversion'],1
wonderlandtaylorswift,"['wonderlandtaylorswift', 'wonderstruckbytaylorswift', 'wouldvecouldveshouldvetaylorswift', 'youneedtocalmdowntaylorswift', 'youngtaylorswift', 'yourelosingmetaylorswift', 'youreonyourownkidtaylorswift', 'yoyoktaylorswift']",42
wonderstruck,"['wonderstruck', 'wonderstruckbytaylorswift', 'wonderstruckenchanted', 'wonderstruckperfume']",25
wonderstruckbytaylorswift,"['wonderstruckbytaylorswift', 'wonderstruckenchanted', 'wonderstruckperfume', 'youngtaylorswift', 'yourelosingmetaylorswift']",33
wonderwall,['wonderwall'],1
wonderwom,"['wonderwom', 'wonderwoma']",3
wonderwoman,"['wonderwoman', 'wonderwoman1984', 'wonderwoman1984edit', 'wonderwoman2009', 'wonderwoman2009edit', 'wonderwoman3', 'wonderwomanandbatman', 'wonderwomananimated', 'wonderwomancomics', 'wonderwomancosplay', 'wonderwomandc', 'wonderwomanedit', 'wonderwomanmovie', 'wonderwomanshazam', 'wonderwomansolos', 'wonderwomantheflash']",745
wonderwoman1984edit,"['wonderwoman1984edit', 'wonderwoman2009', 'wonderwoman2009edit', 'wonderwoman3', 'wonderwomanandbatman', 'wonderwomananimated', 'wonderwomancomics', 'wonderwomancosplay', 'wonderwomandc', 'wonderwomanedit', 'wonderwomanmovie', 'wonderwomansolos', 'wonderwomantheflash', 'wonderwomenedit']",124
wonderwomanedit,"['wonderwomanedit', 'wonderwomanmovie', 'wonderwomanshazam', 'wonderwomansolos', 'wonderwomantheflash', 'wonderwomenedit']",108
wonderwomen,"['wonderwomen', 'wonderwomenedit']",12
woneninbusiness,['woneninbusiness'],1
wong,['wong'],2
wonka,"['wonka', 'wonkaset', 'wonkatrailer']",8
wonkycat,['wonkycat'],1
wonkycatsof,['wonkycatsof'],1
wonyoung,"['wonyoung', 'youlooksoyoung', 'youngadult', 'youngandbeautiful', 'younganddivorced', 'youngandhungry', 'youngandmarried', 'youngauthor', 'youngauthorsof', 'youngavengers', 'youngcreators', 'youngfilmmaker', 'younghercules', 'youngjustice', 'youngjustus', 'youngkids', 'youngleia', 'younglings', 'younglove', 'youngmom', 'youngroyals', 'youngsheldon', 'youngtaylor', 'youngtoold', 'youngviolet', 'youngviolets', 'youngwriter']",745
woodandwater,['woodandwater'],1
woodenshutters,['woodenshutters'],1
woodenspoon,['woodenspoon'],1
woodfloorcleaning,['woodfloorcleaning'],3
woodohwan,['woodohwan'],1
woodpieces,['woodpieces'],1
woodsoup,['woodsoup'],1
woodstock,['woodstock'],1
woodtherapy,['woodtherapy'],1
woodvale,['woodvale'],2
woodwork,['woodwork'],1
woody,"['woody', 'woodyallen', 'woodyandbuzz', 'woodyharrelson', 'woodyslunchbox']",20
woohoo,['woohoo'],1
woojinanti,"['woojinanti', 'woojinantisi']",4
woombikepartner,['woombikepartner'],1
wopez,"['wopez', 'woso']",7
word,"['word', 'wordhack', 'wordle']",6
work,"['work', 'workandtravel', 'workanxiety', 'workatcinema', 'workbackpack', 'workbag', 'workcomedy', 'workcommute', 'workcrush', 'workcrushes', 'workemail', 'workfashion', 'workfavorites', 'workflow', 'workfriends', 'workfromanywhere', 'workfromhome', 'workhack', 'workheels', 'workhorror', 'workhumor', 'workinprogress', 'workintech', 'workjokes', 'worklife', 'worklunch', 'worklunchbox', 'worklunches', 'workmemes', 'workmusthaves', 'workoutclass', 'workoutfit', 'workoutfits', 'workoutset', 'worksatire', 'workspace', 'workstories', 'workstress', 'workstruggles', 'worktrend', 'worktrip', 'workyourashoff']",285
workbestie,"['workbestie', 'yoursociologybestie']",7
workcollegues,['workcollegues'],1
workdayinmylife,['workdayinmylife'],1
workers,"['workers', 'workersrights']",6
workforce,['workforce'],1
workfromhome,"['workfromhome', 'workfromhomejobs', 'workfromhomelife', 'workfromhomeroutine', 'workfromhometips', 'workfromhomevlog', 'workftomhomejobs']",50
workfromhomelife,"['workfromhomelife', 'workfromhomeroutine', 'workfromhometips', 'workfromhomevlog', 'worklife', 'worklifebalance', 'worklifebelike']",61
workfromhomevlog,"['workfromhomevlog', 'workvlog', 'workvlogs']",9
workhardnowplayharderlater,['workhardnowplayharderlater'],1
workhumor,"['workhumor', 'workhumortosurvive']",24
working,"['working', 'workingclass', 'workingconditions', 'workingdogs', 'workingfromhome', 'workinginfashion', 'workinginjapan', 'workinginmarketing', 'workinginpublishing', 'workingintech', 'workingmom', 'workingmoms', 'workingwife', 'workingwithcancer']",42
workingatagymbelike,['workingatagymbelike'],1
workingcockerspaniel,['workingcockerspaniel'],2
worklunch,"['worklunch', 'worklunchideas']",3
workout,"['workout', 'workoutchallenge', 'workoutcheck', 'workoutclothes', 'workoutforwomen', 'workoutfromhome', 'workouthacks', 'workoutmotivation', 'workoutoutfit', 'workoutoutfits', 'workoutplan', 'workoutplaylist', 'workoutromper', 'workoutroutine', 'workoutshorts', 'workouttips', 'workoutwithbaby', 'youtubeworkout']",120
workoutclass,"['workoutclass', 'workoutclassla']",3
workoutfits,"['workoutfits', 'worktripoutfits']",4
workoutonesie,['workoutonesie'],2
workouts,"['workouts', 'workoutsforwomen']",4
workplace,"['workplace', 'workplacehumor', 'workplacehumour']",9
worksinalmosteverything,['worksinalmosteverything'],2
worktrip,"['worktrip', 'worktripoutfits']",7
workwearforwomen,"['workwearforwomen', 'workwearinspo']",3
world,"['world', 'worldbetweenworlds', 'worldbuilding', 'worldcode', 'worldfinest', 'worldhistory', 'worldhunger', 'worldiscurved', 'worldnews', 'worldofdisney', 'worldoftshirts', 'worldofwinx', 'worldonfire', 'worldpremiere', 'worldrecord', 'worldshowcase', 'worldtour', 'worldtours', 'worldwars', 'yetiworld', 'youdeservetheworld', 'yourockmyworld']",68
worldathleticschamps,['worldathleticschamps'],1
worldbeeday,"['worldbeeday', 'worldrefugeeday']",3
worldbreakerhulk,['worldbreakerhulk'],2
worldclasssinner,['worldclasssinner'],1
worldcup,"['worldcup', 'worldcup2022', 'worldcup2023', 'worldcupedit']",15
worldlanguageteachers,['worldlanguageteachers'],1
worldlywishes,['worldlywishes'],1
worldofdisney,"['worldofdisney', 'worldofdisneyparks']",4
worldonfire,"['worldonfire', 'worldonfireedit']",2
worldprincessweek,['worldprincessweek'],6
worldrallychampionship,['worldrallychampionship'],1
worldsbestdad,['worldsbestdad'],1
worldsfinest,"['worldsfinest', 'worldsfinestcomics', 'worldsfinestedit', 'worldsfinestteentitans']",216
worldsgreatestdetective,['worldsgreatestdetective'],5
worldssmallestbarbie,['worldssmallestbarbie'],2
worldtravelhackers,['worldtravelhackers'],37
worldwar,"['worldwar', 'worldwar1', 'worldwar2', 'worldwarii', 'worldwarone', 'worldwartwo', 'worldwarz']",15
worldwar2,"['worldwar2', 'worldwar2history']",5
worldwar2history,"['worldwar2history', 'ww2historylesson']",3
worldwarz,"['worldwarz', 'zs']",2
worldwidegirl,['worldwidegirl'],1
worldwideshipping,['worldwideshipping'],1
wormremoval,['wormremoval'],1
worrying,['worrying'],1
worst,"['worst', 'worstcharacter', 'worstchris']",12
worstapologyever,['worstapologyever'],1
worstbracescolors,['worstbracescolors'],1
worstgamever,['worstgamever'],1
worstierecs,['worstierecs'],1
worstjobstory,['worstjobstory'],1
worstmothersdaypost,['worstmothersdaypost'],1
worten,['worten'],16
worthit,"['worthit', 'worththehype', 'worththemoney']",7
woso,"['woso', 'wosoedit']",8
wotc,['wotc'],3
wouldvecouldveshouldve,"['wouldvecouldveshouldve', 'wouldvecouldveshouldvetaylorswift']",32
wouldyourather,['wouldyourather'],8
woven,['woven'],1
wow,"['wow', 'wowp', 'wowporto']",28
wp,"['wp', 'wpedit']",3
wqndaxstansummercomp,['wqndaxstansummercomp'],1
wrapgiftswithme,"['wrapgiftswithme', 'wrapup']",13
wrappinggifts,['wrappinggifts'],11
wrappinghacks,['wrappinghacks'],4
wrappingpaper,['wrappingpaper'],2
wrappingpresents,['wrappingpresents'],10
wrc,['wrc'],1
wrd,['wrd'],1
wreckage,['wreckage'],2
wrecker,['wrecker'],1
wrenatlas,['wrenatlas'],1
wrestle,['wrestle'],2
wrestlemania,"['wrestlemania', 'wrestlemania39']",12
wrestling,['wrestling'],3
wrexham,"['wrexham', 'wrexhamafc', 'wrexhamfx']",7
wrexhamafc,"['wrexhamafc', 'wrexhamafcwomens']",3
wrightdownmainstreet,['wrightdownmainstreet'],1
writeaparagraph,['writeaparagraph'],1
writer,"['writer', 'writerbarbie', 'writermotivation', 'writerstrike', 'writerstruggle', 'youngwriter']",54
writerscommunity,"['writerscommunity', 'writersof']",31
writersguild,"['writersguild', 'writersguildofamerica', 'writersof']",47
writerslife,"['writerslife', 'writersof']",33
writersof,"['writersof', 'writersstrike']",90
writersstrike,"['writersstrike', 'writersstrike2023']",74
writersstrike2023,"['writersstrike2023', 'writerstrike2023']",15
writerstrike,"['writerstrike', 'writerstrike2023']",3
writing,"['writing', 'writingabook', 'writingadvice', 'writinganovel', 'writingcommunity', 'writinghack', 'writinghacks', 'writingidea', 'writingishard', 'writingplatforms', 'writingprompt', 'writingpromt', 'writingtip', 'writingtips', 'writingtools']",113
writingtips,"['writingtips', 'writingtipsandtricks']",13
wroclaw,['wroclaw'],1
wrongorder,['wrongorder'],1
wrotetoshaw,['wrotetoshaw'],1
wryneck,['wryneck'],1
wsdc,['wsdc'],4
wtav,['wtav'],1
wtf,"['wtf', 'wtff', 'wtfmoments']",33
wtfisgoingoninrussia,['wtfisgoingoninrussia'],1
wth,['wth'],1
wthbro,['wthbro'],1
wtnv,['wtnv'],1
wuntch,['wuntch'],1
wut,['wut'],2
wv,"['wv', 'wvscarlet']",5
wverewolf,['wverewolf'],1
wvnderlust,"['wvnderlust', 'wvnderlust99']",14
ww,"['ww', 'ww1', 'ww2', 'wwc', 'wwcedit', 'wwdits', 'wwkayak']",43
ww2,"['ww2', 'ww2historylesson', 'ww2planes', 'ww2stories', 'ww2story']",17
wwa,['wwa'],1
wwasos,['wwasos'],2
wwdc,"['wwdc', 'wwdc23']",9
wwdits,"['wwdits', 'wwditsedit', 'wwditsseason5']",29
wwditsseason5,"['wwditsseason5', 'wwditsseason5ep8']",4
wwe,"['wwe', 'wwecollection', 'wweedit']",18
wwebehindthescenes,['wwebehindthescenes'],1
wweultimateedition,['wweultimateedition'],1
wwhl,['wwhl'],1
wwii,['wwii'],1
wxmafc,['wxmafc'],1
wxndafilmseditcomp,['wxndafilmseditcomp'],1
wxndasbutterfly,['wxndasbutterfly'],1
wxnderverse,"['wxnderverse', 'zenoxverse']",4
wxterwrks,['wxterwrks'],2
wyattwingfoot,['wyattwingfoot'],15
wye,['wye'],1
wylan,['wylan'],1
wylanvaneck,['wylanvaneck'],1
wyldeflowers,['wyldeflowers'],1
wyldstorybro,['wyldstorybro'],1
wylietexas,['wylietexas'],1
wylietx,['wylietx'],1
wylyanealbino,['wylyanealbino'],2
wyoming,['wyoming'],2
wyomissing,"['wyomissing', 'yowzah']",3
x,"['x', 'x2', 'x23', 'xanilla', 'xbyca', 'xfactor', 'xforce', 'xman', 'xmen', 'xmentas', 'xmfc', 'xmovie', 'xoffice', 'xofswords', 'xoxo', 'xqc', 'xray', 'xsocial', 'xspoilers', 'xte', 'xtwitter', 'xwomen']",1314
x2,"['x2', 'xmen2']",2
x23,"['x23', 'x23edit']",7
xander,"['xander', 'xanderwilde']",5
xanderwilde,"['xanderwilde', 'xanderwildeedit']",9
xavi,['xavi'],1
xavier,"['xavier', 'xavieredit', 'xavieredits', 'xaviersschool', 'xavierstrilogy']",16
xaviersfavmutant,['xaviersfavmutant'],6
xaviideless,['xaviideless'],36
xbambxx,['xbambxx'],1
xbnedits,['xbnedits'],1
xbox,"['xbox', 'xbox360', 'xboxbarbie', 'xboxcontroller', 'xboxgame', 'xboxgames', 'xboxmeme', 'xboxmemes', 'xboxone', 'xboxseriess', 'xboxshowcase']",90
xboxcloudgaming,['xboxcloudgaming'],3
xboxcollab,['xboxcollab'],1
xboxgame,"['xboxgame', 'xboxgameshowcase']",2
xboxgameshowcase,"['xboxgameshowcase', 'xboxshowcase']",3
xboxlimitededition,['xboxlimitededition'],1
xboxseriess,"['xboxseriess', 'xboxseriesx']",7
xboxseriesx,"['xboxseriesx', 'xmenseries', 'xmenseriesedit', 'xmentheanimatedseries']",18
xbsessing,['xbsessing'],2
xbyca,"['xbyca', 'xbyzca']",11
xbyzca,"['xbyzca', 'xqzbca', 'xzmultiacc', 'yaxruzz', 'yxzcba', 'zkriclx']",43
xcyzba,['xcyzba'],6
xd,['xd'],12
xdddddddddddddd,['xdddddddddddddd'],1
xdestielx,['xdestielx'],3
xelaeditz,"['xelaeditz', 'zavaedit', 'zekaeditz']",7
xenaknox,['xenaknox'],1
xenawarriorprincess,['xenawarriorprincess'],2
xenk,"['xenk', 'xenkthepaladin']",11
xenkyendar,"['xenkyendar', 'xenkyendaredit']",33
xenkyendaredit,"['xenkyendaredit', 'xmenred']",12
xennials,['xennials'],1
xenomorph,['xenomorph'],2
xenon,['xenon'],1
xfinity,['xfinity'],1
xh,['xh'],2
xialing,"['xialing', 'xiuxialing']",4
xiandivyne,['xiandivyne'],1
xikers,['xikers'],2
xilftensf,['xilftensf'],5
xinettel,['xinettel'],1
xiomaraerazo,['xiomaraerazo'],2
xjolen,['xjolen'],1
xlykable,['xlykable'],1
xm4,['xm4'],1
xmas,"['xmas', 'xmaspresents']",6
xmcu,['xmcu'],1
xmcustodio,['xmcustodio'],1
xmen,"['xmen', 'xmen1992', 'xmen2', 'xmen2000s', 'xmen24hdrive', 'xmen3', 'xmen60', 'xmen97', 'xmenapocalypse', 'xmenaserieanimada', 'xmenasmidnights', 'xmenclassico', 'xmencomic', 'xmencomics', 'xmencomicsedit', 'xmenconfrontofinal', 'xmencosplay', 'xmencyclops', 'xmendarkphoenix', 'xmendarkphonex', 'xmendaysoffuturepast', 'xmendestiny', 'xmendr', 'xmened', 'xmenedit', 'xmenedits', 'xmenevolution', 'xmenevolutionedit', 'xmenevolutionedits', 'xmenevolutionkitty', 'xmenexcalibur', 'xmenfallofx', 'xmenfanart', 'xmenfanfic', 'xmenfanfiction', 'xmenfans', 'xmenfirstclass', 'xmenfirstclassedit', 'xmengold', 'xmenhellfiregala', 'xmenkrakoa', 'xmenlaststand', 'xmenmarvel', 'xmenmeme', 'xmenmemes', 'xmenmovie', 'xmenmovies', 'xmenmutants', 'xmenmystique', 'xmenmystiqueedit', 'xmenorigins', 'xmenpov', 'xmenred', 'xmenrogue', 'xmenrogueedit', 'xmenseries', 'xmenseriesedit', 'xmenshadowcat', 'xmentheanimatedseries', 'xmenthelaststandedit', 'xmenuniverse', 'xmenvote', 'xmenwolverine', 'xmenwomen']",2015
xmenapocalipse,['xmenapocalipse'],1
xmenapocolypse,['xmenapocolypse'],1
xmendesenho,['xmendesenho'],1
xmendofp,"['xmendofp', 'xmendofpedit']",11
xmenedits,"['xmenedits', 'xmenevolution', 'xmenevolutionedit', 'xmenevolutionedits', 'xmenevolutionkitty', 'xmenexcalibur', 'xmenfallofx', 'xmenfanart', 'xmenfanfic', 'xmenfanfiction', 'xmenfans', 'xmenfirstclass', 'xmenfirstclassedit', 'xmengold', 'xmenhellfiregala', 'xmenkrakoa', 'xmenlaststand', 'xmenmarvel', 'xmenmeme', 'xmenmemes', 'xmenmovie', 'xmenmovies', 'xmenmutants', 'xmenmystique', 'xmenmystiqueedit', 'xmenorigins', 'xmenpov', 'xmenred', 'xmenrogue', 'xmenrogueedit', 'xmenseries', 'xmenseriesedit', 'xmenshadowcat', 'xmentheanimatedseries', 'xmenuniverse', 'xmenvote', 'xmenwolverine', 'xmenwomen', 'xyxeditszz']",224
xmenforce,['xmenforce'],1
xmenmovie,"['xmenmovie', 'xmenmovies', 'xmenmutants', 'xmenmystique', 'xmenmystiqueedit', 'xmenorigins', 'xmenpov', 'xmenred', 'xmenrogue', 'xmenrogueedit', 'xmenseries', 'xmenseriesedit', 'xmenshadowcat', 'xmentheanimatedseries', 'xmenuniverse', 'xmenvote', 'xmenwolverine', 'xmenwomen', 'xmovie']",64
xmenwomen,"['xmenwomen', 'xwomen']",2
xmerxt,['xmerxt'],1
xmrkn1ghtx,['xmrkn1ghtx'],1
xo,"['xo', 'xodaylight', 'xokitty', 'xotwod']",8
xochitl,"['xochitl', 'xochitlgomez']",7
xoforeverfam,['xoforeverfam'],1
xojazzle,['xojazzle'],1
xokitty,"['xokitty', 'xokittyminho', 'xokittynetflix', 'xokittyseries']",7
xot1l,['xot1l'],1
xoxo,"['xoxo', 'xoxogossipgirl']",9
xoxogg,['xoxogg'],1
xparker76,['xparker76'],3
xplearnerchallenge,['xplearnerchallenge'],1
xpspartner,['xpspartner'],1
xqc,"['xqc', 'xqcdrama']",9
xqclips,"['xqclips', 'xqcow', 'xqzbca']",22
xqzbca,"['xqzbca', 'xvzbca', 'xzybca', 'yxzcba', 'zinqxx', 'zyxbca']",125
xray,"['xray', 'xrayvision', 'xrayvisionpodcast']",5
xscroogie,['xscroogie'],1
xuhong,['xuhong'],4
xuhuong,"['xuhuong', 'xuhuong2023']",24
xvengers,['xvengers'],1
xvoidtricx,['xvoidtricx'],1
xwomensgf,['xwomensgf'],1
xxatav,['xxatav'],2
xxhoney666,['xxhoney666'],1
xxl,['xxl'],1
xxv1ncent,['xxv1ncent'],1
xxx,['xxx'],1
xxxmaryedits,['xxxmaryedits'],5
xxxtentacion,['xxxtentacion'],1
xy,"['xy', 'xybac', 'xybca', 'xybza', 'xycba', 'xycbca', 'xyxyxy']",87
xybcaz,"['xybcaz', 'zbcxya']",6
xybza,"['xybza', 'xybzca', 'xyxyxy']",11
xylospongium,"['xylospongium', 'xylospongiumsweep']",3
xyz,"['xyz', 'xyzabc', 'xyzb', 'xyzba', 'xyzbac', 'xyzcba', 'xyzcha']",171
xyzvbca,"['xyzvbca', 'zyvbca']",2
xzbcya,['xzbcya'],4
xzyabc,"['xzyabc', 'xzybca', 'zyxbca', 'zyxcba']",328
xzybca,"['xzybca', 'zyvbca', 'zyxbca', 'zyxcba']",326
y2k,"['y2k', 'y2k3ds', 'y2kaesthetic', 'y2kcrochet', 'y2kedit', 'y2kfashion', 'y2knostalgia']",36
ya,"['ya', 'yabook', 'yabooks', 'yaey', 'yafantasy', 'yail']",33
yaberprojector,['yaberprojector'],1
yabokks,['yabokks'],1
yabooks,"['yabooks', 'yafantasybooks']",17
yacht,['yacht'],1
yaemiko,"['yaemiko', 'yaemikoedit']",3
yaemikogenshinimpact,['yaemikogenshinimpact'],1
yaey,"['yaey', 'yaeyhoodie']",3
yafantasy,"['yafantasy', 'yafantasybooks', 'yafantasyrecs']",6
yagizaasigim,['yagizaasigim'],1
yagizaasigimdeyincekesfetoluyomus,['yagizaasigimdeyincekesfetoluyomus'],1
yahoo,"['yahoo', 'yahooaustralia', 'yahoouk']",9
yakanaepeditcomp,['yakanaepeditcomp'],1
yaldamoshpat,['yaldamoshpat'],4
yale,"['yale', 'yaleuniversity']",9
yallaresick,['yallaresick'],3
yamada,['yamada'],1
yamaguchi,['yamaguchi'],1
yamaha,['yamaha'],1
yammy,"['yammy', 'yamsanchez']",3
yankees,['yankees'],2
yankeestadium,['yankeestadium'],6
yaoi,"['yaoi', 'yaoibee']",23
yaois,['yaois'],2
yaraflor,['yaraflor'],3
yarashahid,['yarashahid'],1
yarn,"['yarn', 'yarnlovers', 'yarnstorage', 'yarnwall']",44
yas,"['yas', 'yasper', 'yastvd']",40
yashchopra,['yashchopra'],1
yashrajfilms,['yashrajfilms'],3
yasltv,"['yasltv', 'yastvd']",3
yasmin,"['yasmin', 'yasminkhan']",3
yasper,"['yasper', 'yasperaniq', 'yasperaniqedit', 'yasperapologist', 'yasperedit', 'yasperedits', 'yasperlennov', 'yasperlennovedit', 'yaspertheafterparty', 'yaspertheafterpartyedit']",134
yass,"['yass', 'yasssss']",6
yassifiedlegobatman,['yassifiedlegobatman'],1
yatp,['yatp'],1
yavaliomadres,['yavaliomadres'],1
yay,['yay'],3
ybwm,"['ybwm', 'ybwmdoubleclap']",5
ye,"['ye', 'yeatsong', 'yewest']",24
yeaaa,['yeaaa'],1
yeah,['yeah'],1
yeahbutilikethehighttheheelsgiveme,['yeahbutilikethehighttheheelsgiveme'],1
yeahsurewhatever,['yeahsurewhatever'],1
year11,['year11'],4
year12,['year12'],6
year13,['year13'],5
year2,['year2'],1
year3,['year3'],1
year3000,['year3000'],1
yearbook,['yearbook'],3
yearning,['yearning'],1
yearofimagination,['yearofimagination'],1
yearone,['yearone'],1
years,['years'],1
yearzero,['yearzero'],1
yeehaw,"['yeehaw', 'yeehawwww', 'yeet']",5
yeestodabees,['yeestodabees'],1
yeet,"['yeet', 'yeezy']",4
yeetyeet,['yeetyeet'],1
yeezy,"['yeezy', 'zyan']",5
yelena,"['yelena', 'yelenaaudio', 'yelenabelova', 'yelenasae']",39
yelenabelova,"['yelenabelova', 'yelenabelovaedit', 'yelenabelovaedits', 'yelenabelovasupremacy']",44
yelenasbel0va,['yelenasbel0va'],2
yelling,['yelling'],2
yellow,"['yellow', 'yellowbentley', 'yellowfever', 'yellowismyfather', 'yellowlab', 'yellowlantern', 'yellowteeth']",19
yellowfang,['yellowfang'],1
yellowjackets,"['yellowjackets', 'yellowjacketsedit', 'yellowjacketsshowtime', 'yellowjacketsspoilers', 'yellowjacketstv']",38
yellowlantern,"['yellowlantern', 'yellowlanterncorps']",11
yellowshopstyle,['yellowshopstyle'],1
yellowstone,"['yellowstone', 'yellowstonetv']",22
yellowstonenationalpark,['yellowstonenationalpark'],3
yelqena,['yelqena'],1
yennefer,"['yennefer', 'yenneferedit', 'yenneferofvengerberg', 'yenneferofvengerbergedit']",20
yenpress,['yenpress'],1
yeonjun,['yeonjun'],1
yepboomer,['yepboomer'],1
yerbabuena,['yerbabuena'],1
yes,"['yes', 'yesallmen', 'yesgirl', 'yeshoney', 'yesiowntheplay', 'yessah', 'yestofresh']",34
yesdudebrosidoactuallyreadcomics,['yesdudebrosidoactuallyreadcomics'],1
yesiamanerd,['yesiamanerd'],2
yessirrr,['yessirrr'],1
yesswc2023,['yesswc2023'],2
yesterday,['yesterday'],1
yeti,"['yeti', 'yetiworld']",2
yfms,['yfms'],1
yikes,['yikes'],4
yippe,['yippe'],6
yippee,['yippee'],7
yisusasmr,['yisusasmr'],1
yj,"['yj', 'yj1998', 'yj98', 'yjedit']",34
yjbandau,['yjbandau'],1
ykitsruss,['ykitsruss'],1
ylaquesoporte,['ylaquesoporte'],1
ylsbeauty,['ylsbeauty'],1
yn,"['yn', 'ynandkate', 'ynstories', 'yntcd']",23
ynpov,['ynpov'],9
ynyln,['ynyln'],1
yo,"['yo', 'yoasobi', 'yodisneyland', 'yolo', 'yopro', 'yosnuff', 'yoyoyo']",34
yo7bugaboo,['yo7bugaboo'],3
yoao007,['yoao007'],1
yoda,"['yoda', 'yodasolos']",36
yoga,"['yoga', 'yogadao', 'yogaforbeginners', 'yogainspiration', 'yogajourney', 'yogawithmax']",21
yogaforbackpain,['yogaforbackpain'],2
yognog,['yognog'],1
yohvds,['yohvds'],7
yokaiwatch,['yokaiwatch'],1
yolanda,"['yolanda', 'yolandamartinez', 'yolandamontez']",29
yolandamontez,"['yolandamontez', 'yolandamontezedit']",32
yolondamontez,['yolondamontez'],1
yomrants,['yomrants'],1
yondu,"['yondu', 'yonduudonta']",5
yoonjongwoo,['yoonjongwoo'],1
york,['york'],1
yorkshireterrier,['yorkshireterrier'],1
yosemitesam,['yosemitesam'],2
yoshi,"['yoshi', 'yoshiedit', 'yoshikitty']",18
yosoyinevitable,['yosoyinevitable'],1
youandidrinkthepoisonfromthesamevine,['youandidrinkthepoisonfromthesamevine'],1
youareanexpertatsorry,['youareanexpertatsorry'],1
youareenough,['youareenough'],3
youarefreakingafricanamericansplusmark,['youarefreakingafricanamericansplusmark'],1
youaregoregeous,['youaregoregeous'],1
youaresonotinvitedtomybatmitzvah,['youaresonotinvitedtomybatmitzvah'],1
youbelongwithme,['youbelongwithme'],20
youcameyoucalled,['youcameyoucalled'],1
youcanbeanything,['youcanbeanything'],1
youcantmakethisup,['youcantmakethisup'],1
youcqntspellcatswithoutts,['youcqntspellcatswithoutts'],1
youdontdroneme,['youdontdroneme'],1
youdontlookportuguese,['youdontlookportuguese'],2
youdontwannaknow,['youdontwannaknow'],1
youdrewstarsaroundmyscars,['youdrewstarsaroundmyscars'],1
youdureaboutthat,['youdureaboutthat'],2
youforgiveyouforgetbutyouneverletitgo,['youforgiveyouforgetbutyouneverletitgo'],1
yougodownjustlikeholymary,['yougodownjustlikeholymary'],1
yougogirl,['yougogirl'],1
yougonlearntoday,['yougonlearntoday'],2
yougotthatjamesdeandaydreamlookinyoureye,['yougotthatjamesdeandaydreamlookinyoureye'],1
youguyskeepmegoing,['youguyskeepmegoing'],1
youhurtmyfeelings,['youhurtmyfeelings'],2
youlooksodumbrigntnow,['youlooksodumbrigntnow'],1
youmadeitweird,['youmadeitweird'],2
youmakestraykidsstay,['youmakestraykidsstay'],1
youmatter,['youmatter'],1
youmaynowkissthebride,['youmaynowkissthebride'],1
youmeandourheartstrings,['youmeandourheartstrings'],1
youneedtocalmdown,"['youneedtocalmdown', 'youneedtocalmdownlyrics', 'youneedtocalmdowntaylorswift']",22
youngadult,"['youngadult', 'youngadultbook', 'youngadultbookrecs', 'youngadultbooks', 'youngadultmatters']",10
youngahsoka,['youngahsoka'],4
youngandhungry,"['youngandhungry', 'youngandhungryedit']",2
youngandhungryedit,"['youngandhungryedit', 'youngavengersedit', 'youngjusticeartemisedit', 'youngjusticedcedit', 'youngjusticeedit', 'youngjusticenightwingedit', 'youngroyalsedit', 'youngsheldonedit', 'youngvioletedit']",224
youngauthorscommunity,"['youngauthorscommunity', 'youngauthorsof']",2
youngavengers,"['youngavengers', 'youngavengersedit']",24
youngbrimsley,['youngbrimsley'],9
youngbrucewayne,"['youngbrucewayne', 'youngbrucewayneedit']",3
youngchristianbale,['youngchristianbale'],1
youngdamonsalvatore,['youngdamonsalvatore'],1
youngdeanwinchester,['youngdeanwinchester'],1
youngelliewilliams,['youngelliewilliams'],3
youngerbrother,['youngerbrother'],4
youngerbrothers,['youngerbrothers'],7
youngerself,['youngerself'],1
youngersibling,['youngersibling'],5
youngersiblings,['youngersiblings'],5
youngersister,['youngersister'],1
youngestchild,['youngestchild'],3
youngestcoworker,['youngestcoworker'],1
youngestflexer,['youngestflexer'],1
youngestsibling,['youngestsibling'],1
youngestsister,['youngestsister'],1
younggjusticeseason1,"['younggjusticeseason1', 'youngjustice', 'youngjusticeleagueseason1', 'youngjusticeseason1', 'youngjusticeseason1edit', 'youngjusticeseason2', 'youngjusticeseason3', 'youngjusticeseason4', 'youngjusticeseason5', 'youngroyalsseason1']",764
younghopemikaelson,['younghopemikaelson'],1
youngindianajonesandthemysteryoftheblues,['youngindianajonesandthemysteryoftheblues'],2
youngjistice,['youngjistice'],1
youngjustice,"['youngjustice', 'youngjustice1998', 'youngjustice90s', 'youngjustice98', 'youngjusticeabridged', 'youngjusticeaqualad', 'youngjusticeartemis', 'youngjusticeartemiscrock', 'youngjusticeartemisedit', 'youngjusticecharacterscosplay', 'youngjusticeclips', 'youngjusticecomics', 'youngjusticeconner', 'youngjusticeconnerkent', 'youngjusticedc', 'youngjusticedccomics', 'youngjusticedcedit', 'youngjusticedick', 'youngjusticeedit', 'youngjusticeedits', 'youngjusticefanart', 'youngjusticeinvasion', 'youngjusticekaldur', 'youngjusticekaldurahm', 'youngjusticekidflash', 'youngjusticeleague', 'youngjusticeleagueseason1', 'youngjusticemegan', 'youngjusticemissmartian', 'youngjusticemoments', 'youngjusticenightwing', 'youngjusticenightwingedit', 'youngjusticeoutsiders', 'youngjusticephantoms', 'youngjusticepolycule', 'youngjusticerobin', 'youngjusticesad', 'youngjusticeseason1', 'youngjusticeseason1edit', 'youngjusticeseason2', 'youngjusticeseason3', 'youngjusticeseason4', 'youngjusticeseason5', 'youngjusticeshow', 'youngjusticesuperboy', 'youngjusticeteam', 'youngjusticetigress', 'youngjusticewally', 'youngjusticewallywest', 'youngjusticewallywestedit', 'youngnjustice']",1367
youngjusticeartemisedit,"['youngjusticeartemisedit', 'youngjusticeclips', 'youngjusticecomics', 'youngjusticeconner', 'youngjusticedc', 'youngjusticedcedit', 'youngjusticedick', 'youngjusticeedit', 'youngjusticeedits', 'youngjusticeinvasion', 'youngjusticeleague', 'youngjusticemegan', 'youngjusticemoments', 'youngjusticenightwing', 'youngjusticenightwingedit', 'youngjusticeoutsiders', 'youngjusticephantoms', 'youngjusticerobin', 'youngjusticesad', 'youngjusticeseason1edit', 'youngjusticeshow', 'youngjusticeteam', 'youngjusticetigress', 'youngjusticewally', 'youngjusticewallywestedit', 'youngnjustice', 'youngroyalsedit', 'youngsheldonedit', 'youngvioletedit']",512
youngjusticeedit,"['youngjusticeedit', 'youngjusticeedits', 'youngjusticefanart', 'youngjusticeinvasion', 'youngjusticekaldur', 'youngjusticekidflash', 'youngjusticeleague', 'youngjusticemegan', 'youngjusticemissmartian', 'youngjusticemoments', 'youngjusticenightwing', 'youngjusticenightwingedit', 'youngjusticeoutsiders', 'youngjusticephantoms', 'youngjusticerobin', 'youngjusticesad', 'youngjusticeseason1', 'youngjusticeseason1edit', 'youngjusticeseason2', 'youngjusticeseason3', 'youngjusticeseason4', 'youngjusticeseason5', 'youngjusticeshow', 'youngjusticesuperboy', 'youngjusticeteam', 'youngjusticetigress', 'youngjusticewally', 'youngjusticewallywest', 'youngjusticewallywestedit', 'youngnjustice', 'youngroyalsedit', 'youngsheldonedit', 'youngvioletedit']",647
youngjusticeleague,"['youngjusticeleague', 'youngjusticeleagueseason1', 'youngjusticemegan', 'youngjusticemissmartian', 'youngjusticemoments', 'youngjusticenightwing', 'youngjusticenightwingedit', 'youngjusticeoutsiders', 'youngjusticephantoms', 'youngjusticerobin', 'youngjusticesad', 'youngjusticeseason1', 'youngjusticeseason2', 'youngjusticeseason3', 'youngjusticeseason4', 'youngjusticeseason5', 'youngjusticeshow', 'youngjusticesuperboy', 'youngjusticeteam', 'youngjusticetigress', 'youngjusticewally', 'youngjusticewallywest', 'youngnjustice', 'zachsnydersjusticeleague', 'zacksnydersjusticeleague']",359
youngjusticeseason1,"['youngjusticeseason1', 'youngjusticeseason1edit', 'youngjusticeseason2', 'youngjusticeseason3', 'youngjusticeseason4', 'youngjusticeseason5', 'youngjusticeshow', 'youngjusticeteam', 'youngjusticetigress', 'youngjusticewally', 'youngnjustice', 'youngroyalsseason1']",177
youngjusticeseason1edit,"['youngjusticeseason1edit', 'youngjusticeseason2', 'youngjusticeseason3', 'youngjusticeseason4', 'youngjusticeseason5', 'youngjusticewallywestedit', 'youngroyalsseason1']",90
youngjusticeseason3,"['youngjusticeseason3', 'youngjusticeseason4', 'youngjusticeseason5', 'youngjusticeshow', 'youngjusticeteam', 'youngjusticetigress', 'youngjusticewally', 'youngnjustice', 'youngroyalsseason3']",95
youngjusticeseason4,"['youngjusticeseason4', 'youngjusticeseason5', 'youngjusticeshow', 'youngjusticeteam', 'youngjusticetigress', 'youngjusticewally', 'youngnjustice', 'youseason4', 'youseason4edit']",106
youngkinggeorge,['youngkinggeorge'],3
youngladydanbury,['youngladydanbury'],2
youngleia,"['youngleia', 'youngleiaorgana']",7
younglings,"['younglings', 'younglingslayer9000']",6
youngqueencharlotte,['youngqueencharlotte'],6
youngrobertdowneyjr,['youngrobertdowneyjr'],1
youngroyals,"['youngroyals', 'youngroyalsedit', 'youngroyalsseason1', 'youngroyalsseason3']",12
youngroyalsedit,"['youngroyalsedit', 'youngroyalsseason1', 'youngroyalsseason3', 'youngsheldonedit', 'youngvioletedit']",8
youngsheldon,"['youngsheldon', 'youngsheldonedit']",8
youngtaylor,"['youngtaylor', 'youngtaylorswift']",5
youngviolet,"['youngviolet', 'youngvioletbridgerton', 'youngvioletbridgertonedit', 'youngvioletedit']",19
youplaystupidgamesyouwinstupidprizes,['youplaystupidgamesyouwinstupidprizes'],1
youralive,['youralive'],2
yourblendedfamily,['yourblendedfamily'],4
yourblplug0,['yourblplug0'],1
yourbodylanguagespeakstome,['yourbodylanguagespeakstome'],2
youreagreatmom,['youreagreatmom'],5
yourealliwantyoureallihave,['yourealliwantyoureallihave'],1
youredoinggreat,['youredoinggreat'],3
youredone,['youredone'],1
yourefingawesome,['yourefingawesome'],2
youreinsecure,['youreinsecure'],1
yourelosingme,"['yourelosingme', 'yourelosingmefromthevault', 'yourelosingmetaylor']",56
yourelosingmetaylor,"['yourelosingmetaylor', 'yourelosingmetaylorswift']",13
youreonyourownkid,"['youreonyourownkid', 'youreonyourownkidbridge', 'youreonyourownkidtaylorswift']",36
yourfriendlymarvelsimp,['yourfriendlymarvelsimp'],1
yourhandsarecold,['yourhandsarecold'],4
yourloosingme,['yourloosingme'],2
yourockmyworld,"['yourockmyworld', 'yourockmyworldchallenge']",3
yourstruly,['yourstruly'],1
yousingloudisinglouder,['yousingloudisinglouder'],1
yousinkintomyclothes,['yousinkintomyclothes'],2
yousureaboutthat,['yousureaboutthat'],1
youth,"['youth', 'youthforiablush', 'youthgroup', 'youthministry']",20
youthgroup,"['youthgroup', 'youthgroupgames']",5
youtube,"['youtube', 'youtubead', 'youtubeapology', 'youtubeboxing', 'youtubeclips', 'youtubecommunity', 'youtubedrama', 'youtubeedit', 'youtubegaming', 'youtubemusic', 'youtubenews', 'youtuberewind', 'youtubersen', 'youtubeshorts', 'youtubeworkout']",179
youtubeangelsfriends,['youtubeangelsfriends'],1
youtuber,"['youtuber', 'youtuberapologies', 'youtuberapology', 'youtuberedit', 'youtuberedits', 'youtubernews', 'youtuberson']",110
youvegotmail,['youvegotmail'],2
youweremadeforlovinme,['youweremadeforlovinme'],2
youweremybrotheranakin,['youweremybrotheranakin'],1
youwillgetthem,['youwillgetthem'],2
youwillgetthoseticketsgirl,['youwillgetthoseticketsgirl'],1
yoxlettering,['yoxlettering'],1
yoyok,"['yoyok', 'yoyoktaylorswift']",33
yr,['yr'],1
ys,['ys'],4
yslbeauty,['yslbeauty'],1
ytwomen,['ytwomen'],1
yugioh,['yugioh'],2
yukata,['yukata'],2
yukio,"['yukio', 'yukioedit']",4
yukitsunoda,"['yukitsunoda', 'yukitsunodaedit']",7
yulialipnitskaya,['yulialipnitskaya'],1
yum,['yum'],8
yumii80,['yumii80'],1
yummy,"['yummy', 'yummysalad']",10
yunakim,"['yunakim', 'yunakimedit']",3
yungzackary,['yungzackary'],5
yuninavarro,['yuninavarro'],1
yunjin,['yunjin'],1
yunzii,['yunzii'],1
yup,['yup'],1
yuri,"['yuri', 'yuribriar', 'yurionice', 'yurispiderman', 'yuriwatanabe']",8
yurilowenthal,"['yurilowenthal', 'yurilowenthalspiderman']",55
yurilowenthalspiderman,"['yurilowenthalspiderman', 'yurispiderman']",10
yurionice,"['yurionice', 'yurioniceadolescence', 'yurionicemovie']",5
yusufkhan,['yusufkhan'],1
yuxus,['yuxus'],12
yuyuhakusho,['yuyuhakusho'],1
yuzukokurusu,['yuzukokurusu'],2
yuzuruhanyu,"['yuzuruhanyu', 'yuzuruhanyuedit']",3
yvetot,['yvetot'],1
yvr,"['yvr', 'yvreats']",5
yxzcba,"['yxzcba', 'yzxcba', 'zkriclx', 'zyxcba']",239
yyc,['yyc'],23
yyyyyyyyyyyyyyyyyy,['yyyyyyyyyyyyyyyyyy'],1
yzfamily,['yzfamily'],2
z6tannas,['z6tannas'],1
zaalimaa,"['zaalimaa', 'zawe']",2
zacefron,['zacefron'],7
zach,"['zach', 'zachandmaggie', 'zachbia', 'zachbryan', 'zachkornfeld', 'zachsang', 'zachwellison']",17
zachariah,['zachariah'],1
zacharylevi,['zacharylevi'],3
zacharyquinto,['zacharyquinto'],1
zachcregger,['zachcregger'],2
zachgotplanked,['zachgotplanked'],1
zachroerig,['zachroerig'],3
zachsang,"['zachsang', 'zachsangshow']",7
zackaddy,"['zackaddy', 'zackaddybones']",7
zackandcody,['zackandcody'],1
zackbia,"['zackbia', 'zackbiaoliviarodrigo']",4
zackbrown2021,"['zackbrown2021', 'zackman2021']",3
zacksnyder,"['zacksnyder', 'zacksnydersjusticeleague']",25
zacposen,['zacposen'],1
zaddy,"['zaddy', 'zaddydent', 'zaddymarch', 'zaddypaul', 'zs']",37
zaful,"['zaful', 'zafulgirl', 'zafulhaul', 'zawe']",9
zag,"['zag', 'zaggie', 'zagreus', 'zagstore']",7
zaharajoliepitt,['zaharajoliepitt'],2
zahnspange,"['zahnspange', 'zahnspangengirl', 'zahnspangengummis', 'zahnspangenlife', 'zahnspangentransformation', 'zahnspangeraus']",11
zahra,"['zahra', 'zahraandalex', 'zahrabankstonedit']",13
zahrabankston,['zahrabankston'],13
zainiqbal,"['zainiqbal', 'zawe']",2
zamarripa,"['zamarripa', 'zamarripasisters']",3
zamasu,['zamasu'],1
zamaya,"['zamaya', 'zawe']",4
zanephillips,['zanephillips'],3
zanerane,['zanerane'],2
zankyousanka,['zankyousanka'],1
zantanna,['zantanna'],1
zapata,['zapata'],1
zara,"['zara', 'zarabarbie', 'zarabodysuits', 'zaracardigan', 'zaradress', 'zarafashion', 'zarahaul', 'zaranewin', 'zaraoutfit', 'zarasale', 'zarasummer']",42
zaracrochetdress,"['zaracrochetdress', 'zaradress']",2
zaragrwm,['zaragrwm'],1
zarahaul,"['zarahaul', 'zarahaul2023', 'zaraunboxinghaul']",14
zaraoutfit,"['zaraoutfit', 'zaraoutfitoftheday']",7
zarasajhoomloon,"['zarasajhoomloon', 'zarasajhoomloonmain']",3
zaraunboxing,"['zaraunboxing', 'zaraunboxinghaul']",2
zari,"['zari', 'zaritarazi', 'zaritomaz', 'zarlie']",138
zaricat,"['zaricat', 'zawe']",2
zaritarazi,"['zaritarazi', 'zaritaraziedit']",75
zaritaraziedit,"['zaritaraziedit', 'zaritomazedit']",38
zariterazi,['zariterazi'],2
zaritomaz,"['zaritomaz', 'zaritomazedit']",91
zatana,"['zatana', 'zatanna', 'zatannazatana', 'zatitarazi', 'zattana', 'zatz']",142
zatanna,"['zatanna', 'zatannaandconstantine', 'zatannaandnightwing', 'zatannaandnigntwing', 'zatannaandrobin', 'zatannaandtheripper', 'zatannaandtheripperwebtoon', 'zatannaback', 'zatannadc', 'zatannadcbombshells', 'zatannadccomics', 'zatannaedit', 'zatannaedits', 'zatannajusticeleaguedark', 'zatannamagic', 'zatannaspells', 'zatannawebtoon', 'zatannaxconstantine', 'zatannazatana', 'zatannazatara', 'zatannazataradccomics', 'zatannazataraedit', 'zatannazataraedits']",384
zatannazatara,"['zatannazatara', 'zatannazataraedit', 'zatannazataraedits', 'zatara', 'zeezatara']",130
zatannazataradccomics,"['zatannazataradccomics', 'zataradc']",3
zatannazataraedit,"['zatannazataraedit', 'zatannazataraedits', 'zatara', 'zeezataraedit']",38
zatannazeezatara,['zatannazeezatara'],1
zatara,"['zatara', 'zawe', 'zeezatara', 'zeezataraedit']",20
zatenbirtonystarkdegildi,['zatenbirtonystarkdegildi'],1
zatitomaz,['zatitomaz'],1
zatz,"['zatz', 'zs']",5
zava,"['zava', 'zavaedit', 'zs']",20
zavaedit,"['zavaedit', 'zekaeditz', 'zoyalaiedit']",7
zawe,"['zawe', 'zaweahston', 'zaweashton', 'zayboyup', 'zaylows']",24
zayn,"['zayn', 'zaynmalik', 'zs']",58
zaynlouisharryniallliam,['zaynlouisharryniallliam'],1
zdarsky,['zdarsky'],1
zeb,"['zeb', 'zebandezra', 'zebedit', 'zeborrelios', 'zebwells']",25
zebedit,"['zebedit', 'zeborreliosedit']",3
zeborellios,"['zeborellios', 'zeborrelios', 'zeborreliosedit']",10
zebrastrong,['zebrastrong'],1
zebwells,"['zebwells', 'zebwellsspiderman']",17
zectionz,['zectionz'],2
zeddmorewashington,['zeddmorewashington'],3
zee,['zee'],2
zeesmultiix,['zeesmultiix'],6
zekaeditz,"['zekaeditz', 'zekaela', 'zoyalaiedit']",7
zekelandon,['zekelandon'],2
zekespace,['zekespace'],3
zelda,"['zelda', 'zeldaandlink', 'zeldaedit', 'zeldameme', 'zeldatotk']",65
zeldabotw,['zeldabotw'],6
zeldabreathofthewild,['zeldabreathofthewild'],1
zeldamajorasmask3d,['zeldamajorasmask3d'],1
zeldatearsofthekingdom,['zeldatearsofthekingdom'],6
zelena,"['zelena', 'zelenamills', 'zs']",5
zelink,['zelink'],9
zelinkedit,['zelinkedit'],2
zemo,"['zemo', 'zemodance', 'zs']",7
zendarrys,['zendarrys'],1
zendaya,"['zendaya', 'zendayaandtom', 'zendayaandtomholland', 'zendayabulgari', 'zendayacoleman', 'zendayaedit', 'zendayaedits', 'zendayafan', 'zendayamaree', 'zendayatom']",233
zendayamareestoermercoleman,['zendayamareestoermercoleman'],1
zenosama,['zenosama'],5
zenxsqd,['zenxsqd'],1
zepeto,['zepeto'],1
zepotha,"['zepotha', 'zepotha2024', 'zepothamovie', 'zepotharemake', 'zepothatrailer']",21
zermatt,['zermatt'],1
zerobond,['zerobond'],1
zeroeatsfood,['zeroeatsfood'],1
zeroexpectations,['zeroexpectations'],1
zeroproject,['zeroproject'],1
zerototen,['zerototen'],1
zerz,['zerz'],1
zeus,"['zeus', 'zeusediits']",3
zexo100kcomp,['zexo100kcomp'],2
zezra,"['zezra', 'zs']",2
zflip5,"['zflip5', 'zflipclackdown']",3
zfranofc,['zfranofc'],1
zhangsta,['zhangsta'],1
zhongli,"['zhongli', 'zhonglicosplay']",3
ziaja,['ziaja'],1
zianazain,['zianazain'],1
ziggyberman,['ziggyberman'],1
zillabeau,['zillabeau'],1
zillenial,['zillenial'],1
zimbabwean,['zimbabwean'],1
zindablake,['zindablake'],1
zinvsp,['zinvsp'],1
zinzinnati,"['zinzinnati', 'zs']",2
zion,"['zion', 'zionedits', 'zionmiller', 'zionmoreno']",5
zionedits,"['zionedits', 'zionmilleredits']",2
zionmiller,"['zionmiller', 'zionmilleredit', 'zionmilleredits']",5
zipnex,['zipnex'],8
zips,['zips'],7
zlatan,"['zlatan', 'zlatangoat']",7
zlatanibrahimovic,['zlatanibrahimovic'],4
zlib,"['zlib', 'zlibary']",5
zlibary,"['zlibary', 'zlibaryalternative']",8
zlibraryalternatives,"['zlibraryalternatives', 'zlibrarybooks', 'zlibrarydown']",7
zlibrarydown,"['zlibrarydown', 'zs']",4
zm,['zm'],1
zodiac,"['zodiac', 'zodiacacademy', 'zodiacaesthetic', 'zodiacanimals', 'zodiackiller', 'zodiacmemes', 'zodiacsign', 'zodiacsigns', 'zodiacsymbols']",110
zodiacs,['zodiacs'],2
zodiactikok,['zodiactikok'],1
zoe,"['zoe', 'zoe101', 'zoeball', 'zoechao', 'zoecolletti', 'zoekazan', 'zoekravitz', 'zoelee', 'zoezimmer']",53
zoeball,"['zoeball', 'zoeballbreakfastshow']",3
zoechao,"['zoechao', 'zoechaoedit']",3
zoechaoedit,"['zoechaoedit', 'zoecollettiedit', 'zoekravitzedit']",11
zoecolletti,"['zoecolletti', 'zoecollettiedit', 'zoemargaretcolletti']",11
zoecollettiedit,"['zoecollettiedit', 'zoekravitzedit', 'zoemargaretcolletti']",11
zoefllms,['zoefllms'],1
zoekravitz,"['zoekravitz', 'zoekravitzcatwoman', 'zoekravitzedit']",40
zoella,['zoella'],2
zoenette,"['zoenette', 'zoenetteedit']",5
zoesalanda,['zoesalanda'],1
zoesaldana,"['zoesaldana', 'zoesaldanaedit']",30
zoesmultiverse,['zoesmultiverse'],1
zoesugg,['zoesugg'],2
zoevacosmetics,['zoevacosmetics'],1
zoey,"['zoey', 'zoey101', 'zoey102', 'zoeydeschanel', 'zoeyfranklin', 'zoeypierson']",24
zoey102,"['zoey102', 'zoey102reboot']",4
zoeydeutch,"['zoeydeutch', 'zoeydeutchedit', 'zoeydeutchedits', 'zoeydeutchstan']",78
zoeydeuth,['zoeydeuth'],1
zoeydorkdiaries,['zoeydorkdiaries'],1
zola,"['zola', 'zolashepherd']",5
zoloftgang,['zoloftgang'],1
zombie,"['zombie', 'zombieapocalypse', 'zombiecleo', 'zombieromance']",25
zombiecleo,"['zombiecleo', 'zombiecleoedit']",3
zombieland,"['zombieland', 'zombielandedit']",5
zombies,"['zombies', 'zombiesedit']",12
zonageek,"['zonageek', 'zonageekcanal']",3
zoo,"['zoo', 'zoomies', 'zoonegara', 'zootopia']",17
zooeydeschanel,"['zooeydeschanel', 'zooeydeschaneledit']",8
zookeeper,"['zookeeper', 'zookeeperlife']",4
zoolander,"['zoolander', 'zoolanderedit', 'zoolanderhansel', 'zoolandermeme']",9
zoology,['zoology'],1
zoom,"['zoom', 'zoomcall']",32
zoomedits,['zoomedits'],1
zoommeetingfails,['zoommeetingfails'],1
zoreaux,"['zoreaux', 'zs']",2
zoro,['zoro'],4
zouk,['zouk'],4
zoyalai,"['zoyalai', 'zoyalaiedit', 'zoyalaiedits', 'zoyalaisupremacy']",8
zoyanazyalensky,"['zoyanazyalensky', 'zoyanazyalenskyedit', 'zoyanazyalenskyedits']",6
zquad,"['zquad', 'zs']",2
zs,"['zs', 'zswagger', 'zutara']",5
zsjl,['zsjl'],6
zsllondonzoo,['zsllondonzoo'],2
zuckerberg,['zuckerberg'],1
zueira,['zueira'],1
zues,['zues'],1
zuhairmurad,['zuhairmurad'],1
zuhu,['zuhu'],2
zuko,"['zuko', 'zukoedit']",8
zultancymbals,['zultancymbals'],15
zumba,['zumba'],5
zurich,['zurich'],1
zuriross,"['zuriross', 'zurirossedit']",3
zuuxedits,['zuuxedits'],1
zxgslash,['zxgslash'],1
zxmo,['zxmo'],5
zxmqles,['zxmqles'],1
zxycba,['zxycba'],25
zycxba,['zycxba'],21
zylerthecat,['zylerthecat'],2
zzavid,"['zzavid', 'zzavidedit']",12
zzz,['zzz'],1
