Date,Comment
2023-07-24 09:22:04,They are all very cute but that pink top is to die for
2023-07-24 07:33:00,Number 2 :)
2023-05-30 07:14:49,Tbf you guys were doing the same look but the filter did you dirty
2023-05-23 07:38:51,That’s so cute ahahahahah
2023-05-22 19:25:38,Raquel’s voice kills me ahahahahaha
2023-04-06 12:40:41,At least it’s the guy from divergent
2023-04-06 12:27:45,Canadian
2023-03-13 07:53:14,Great choices
2023-02-28 13:36:37,Also can I come to the wedding
2023-02-28 13:36:28,We should have been 100
2023-02-26 08:51:02,Let’s gooooo
2023-02-21 08:21:23,👀
2023-02-21 08:20:48,The best one
2023-01-31 08:16:00,You so good
2023-01-26 19:47:50,The filter was going nuts because it kept repeating suggestions
2023-01-24 14:41:13,😂😂😂
2023-01-24 14:35:04,True ahahahhaha I have to go back to war
2023-01-23 12:58:16,Tbf I do mega replies ahahahahha whenever I’m able to arrive ahahahaha
2023-01-23 08:15:06,So cute
2023-01-21 20:06:25,Let’s gooooo
2023-01-13 07:22:42,You did so good Tay ahahaha
2022-11-04 13:40:27,Boy listened
2022-11-04 13:35:56,Also boys will find Taylor’s songs alone especially reputation and evermore/folklore, for some reason
2022-11-04 13:35:21,In his defense most of his responses are accurate
2022-10-12 06:14:29,🌺 🌸 🌺 🥺💍
2022-10-10 19:51:47,Is your sister free?
2022-09-21 13:19:02,You look very good for your age ma’am
2022-09-18 19:32:50,Ngl i thought this was gonna be an Eobard joke
2022-09-07 07:48:46,But I’m also someone who’d recommend the Superman Rebirth run before this one especially because Rebirth has the family dynamic which I love
2022-09-07 07:47:58,I’d say the last 3 issues are a lil better writing wise because the story gets more emotional especially at the last issue
2022-09-07 07:47:28,I think if you didn’t like the first 3, the others won’t do it for you either especially the art because it stays consistent
2022-07-28 07:14:21,Batman beyond Rebirth
2022-07-19 09:45:40,Cute
2022-07-14 12:32:38,Too hot to handle
2022-07-14 12:32:17,We love that
2022-07-13 05:55:51,Hope you feel better soon
2022-07-12 20:22:07,Too cute
2022-07-12 20:21:28,Totally unrelated but is that pou
2022-07-12 20:15:38,Understandable. Have a nice day
2022-07-12 20:10:06,Okay besides the last one that’s me
2022-07-12 20:09:46,Thank 😁
2022-07-12 20:09:37,Free
2022-07-12 20:09:30,I guess Tiana is frre
2022-07-12 20:09:10,She’s yours
2022-07-12 20:09:01,Well you are older than me
2022-07-06 12:28:00,Understandable
2022-07-05 19:32:03,Should have been black
2022-06-29 21:45:34,I’m legally blind
2022-06-29 19:31:39,Also the hair looks amazing
2022-06-29 19:31:28,I found out TikTok comments have a character limit…interesting
2022-06-29 19:31:11,Also why do you think I think you are Italian but when the same emoji shows up for mom you think she thinks you are fineeeeeee? I think you are fineee
2022-06-29 19:30:20,There was a book called A Macaca Melissa but idk how that relates to you
2022-06-29 19:03:27,Best chef ever
2022-06-22 11:13:44,BEEEEYNNNN
2022-06-12 12:01:26,Fax
2022-05-28 16:43:06,You can drive
2022-05-22 06:16:16,GAYYYYY
2022-03-14 11:54:12,Mark waid The Flash
2022-03-11 23:53:04,You did so good ahahahaha and had the greatest cameo
2022-02-06 20:15:19,Completely agree especially on the Babs is the best dad part. Any batgirl series with either Cass and Steph proves this (and well Batgirls series too)
2022-01-21 07:12:30,Poor Matt ahahahahha
2022-01-13 16:17:47,Nightwing really stood out to me too. I’m also really enjoying the current Flash run with Wally.
2022-01-08 17:35:53,Same
2022-01-08 13:24:15,I was going to send this to you ahahhahaha I really thought October was gonna be Rocky Horror Picture Show
2022-01-02 09:05:06,A cute weirdo
2021-12-24 07:46:02,Your smile afterwards tho ahahahah adorable
2021-11-24 16:46:29,With beautiful view
2021-11-23 17:15:04,Everything that happened in that comic was so random but so funny tho
2021-11-13 17:40:38,I mean you are warm so that’s a big plus
2021-11-06 05:32:11,He looks like he wants to run away ahahah
2021-11-06 05:31:36,You guys look so cute tho
2021-10-31 21:19:08,Happy Halloween (that was an awesome transition ngl)
2021-10-31 21:18:39,Rocky horror :)))
2021-10-31 21:18:08,You did it!!!! And with a great finish
2021-10-26 13:08:25,Bewitched called, they want you to be Sabrina
2021-10-25 04:27:13,Full of style like always ;) ahahahahaha
2021-10-17 12:08:24,A talon and he’ll be maybe the penultimate or last enemy to defeat
2021-10-17 12:08:03,I don’t think they are gonna make Dick grayson talon, however I’m almost 100% sure that Bruce isn’t dead and i think that the court turned him into
2021-10-16 07:06:34,It has a vibe tho ahahahahahha
2021-10-15 18:51:48,The outfits are on point tho
2021-10-14 19:32:51,His face ahahahaha also so cute
2021-10-13 12:07:45,Cool af
2021-10-08 07:39:17,So precious
2021-09-29 07:22:32,I screamed
2021-09-24 07:55:56,This was so cooool
2021-09-06 07:57:16,I’m glad it wasn’t a “try not to dance challenge” ahahahha
2021-09-03 17:28:36,Looking so cool
2021-09-02 17:59:17,Me too 🥺
2021-09-01 18:45:29,The baby yoda 🥺
2021-07-26 16:01:43,Exato
