Date,Link
2023-09-27 19:47:36,https://www.tiktokv.com/share/video/7282802648099704110/
2023-09-27 19:23:56,https://www.tiktokv.com/share/video/7282687946505866497/
2023-09-27 13:25:30,https://www.tiktokv.com/share/video/7282939013592403242/
2023-09-27 13:17:17,https://www.tiktokv.com/share/video/7282873933261475114/
2023-09-27 12:46:25,https://www.tiktokv.com/share/video/7283146542524108078/
2023-09-27 12:38:33,https://www.tiktokv.com/share/video/7282361978159484190/
2023-09-27 12:26:40,https://www.tiktokv.com/share/video/7283459606221819168/
2023-09-27 07:09:18,https://www.tiktokv.com/share/video/7283202774249032966/
2023-09-27 06:55:15,https://www.tiktokv.com/share/video/7252446750080797995/
2023-09-27 06:45:18,https://www.tiktokv.com/share/video/7252832180387188010/
2023-09-26 19:08:28,https://www.tiktokv.com/share/video/7276118940797914411/
2023-09-26 11:29:01,https://www.tiktokv.com/share/video/7282838026626288942/
2023-09-26 11:09:14,https://www.tiktokv.com/share/video/7282784926821371178/
2023-09-26 06:56:37,https://www.tiktokv.com/share/video/7282794225614212394/
2023-09-26 06:51:10,https://www.tiktokv.com/share/video/7273214869044759854/
2023-09-26 06:23:53,https://www.tiktokv.com/share/video/7282852751841807647/
2023-09-26 06:22:37,https://www.tiktokv.com/share/video/7282745581624233262/
2023-09-25 06:35:07,https://www.tiktokv.com/share/video/7282498419090902318/
2023-09-25 06:08:52,https://www.tiktokv.com/share/video/7282509543819644206/
2023-09-24 18:07:49,https://www.tiktokv.com/share/video/7282161259955490090/
2023-09-24 12:25:40,https://www.tiktokv.com/share/video/7280584194403667231/
2023-09-24 11:18:18,https://www.tiktokv.com/share/video/7257720326316952874/
2023-09-23 19:50:53,https://www.tiktokv.com/share/video/7263068353474874667/
2023-09-23 06:53:56,https://www.tiktokv.com/share/video/7281712226967244075/
2023-09-22 20:09:28,https://www.tiktokv.com/share/video/7280991561221950763/
2023-09-21 07:02:10,https://www.tiktokv.com/share/video/7280518026338782496/
2023-09-21 06:28:47,https://www.tiktokv.com/share/video/7281091833696980255/
2023-09-20 18:31:15,https://www.tiktokv.com/share/video/7280572074345663790/
2023-09-20 18:30:51,https://www.tiktokv.com/share/video/7280939028822707486/
2023-09-19 07:00:48,https://www.tiktokv.com/share/video/7280229727011491114/
2023-09-17 19:35:02,https://www.tiktokv.com/share/video/7279413030209768736/
2023-09-17 11:20:59,https://www.tiktokv.com/share/video/7279576743395167534/
2023-09-16 12:28:09,https://www.tiktokv.com/share/video/7277352441077746990/
2023-09-16 12:17:40,https://www.tiktokv.com/share/video/7278783082906340639/
2023-09-16 07:26:16,https://www.tiktokv.com/share/video/7275741247837310254/
2023-09-16 06:50:21,https://www.tiktokv.com/share/video/7278817661394439454/
2023-09-15 19:31:31,https://www.tiktokv.com/share/video/7279126566846598442/
2023-09-15 11:18:26,https://www.tiktokv.com/share/video/7278711899624049953/
2023-09-15 11:12:47,https://www.tiktokv.com/share/video/7278765782006517035/
2023-09-15 11:09:02,https://www.tiktokv.com/share/video/7277687887074839850/
2023-09-14 19:34:12,https://www.tiktokv.com/share/video/7277705965556862238/
2023-09-14 19:14:18,https://www.tiktokv.com/share/video/7278442079024401696/
2023-09-13 13:38:20,https://www.tiktokv.com/share/video/7277795456892161311/
2023-09-13 13:31:22,https://www.tiktokv.com/share/video/7277939268931276078/
2023-09-12 19:41:56,https://www.tiktokv.com/share/video/7275480028673084702/
2023-09-12 19:41:21,https://www.tiktokv.com/share/video/7277645451090726150/
2023-09-12 19:28:59,https://www.tiktokv.com/share/video/7277739698267622698/
2023-09-11 19:22:26,https://www.tiktokv.com/share/video/7266626052108078338/
2023-09-11 19:17:25,https://www.tiktokv.com/share/video/7277563529840839969/
2023-09-11 19:04:25,https://www.tiktokv.com/share/video/7277604669172600096/
2023-09-11 18:58:25,https://www.tiktokv.com/share/video/7277382699352984862/
2023-09-11 11:05:55,https://www.tiktokv.com/share/video/7276575175305563438/
2023-09-11 11:01:43,https://www.tiktokv.com/share/video/7277267978998025515/
2023-09-10 07:22:57,https://www.tiktokv.com/share/video/7276262418676862250/
2023-09-10 07:17:21,https://www.tiktokv.com/share/video/7274129938620501294/
2023-09-09 12:09:52,https://www.tiktokv.com/share/video/7276437066039266592/
2023-09-07 19:26:06,https://www.tiktokv.com/share/video/7271653421642468651/
2023-09-06 12:59:30,https://www.tiktokv.com/share/video/7272053244489207082/
2023-09-06 11:34:20,https://www.tiktokv.com/share/video/7275073479857294624/
2023-09-06 08:07:24,https://www.tiktokv.com/share/video/7275445976737844523/
2023-09-06 07:19:41,https://www.tiktokv.com/share/video/7275403018298821930/
2023-09-05 07:21:06,https://www.tiktokv.com/share/video/7266936170246933802/
2023-09-04 12:15:11,https://www.tiktokv.com/share/video/7250525607828802858/
2023-09-04 07:24:37,https://www.tiktokv.com/share/video/7080232774707383598/
2023-09-03 19:20:25,https://www.tiktokv.com/share/video/7273191879016009002/
2023-09-03 07:27:58,https://www.tiktokv.com/share/video/7273590925023104288/
2023-09-02 19:04:02,https://www.tiktokv.com/share/video/7274296800977210656/
2023-09-01 18:48:42,https://www.tiktokv.com/share/video/7190110573315624235/
2023-09-01 18:43:12,https://www.tiktokv.com/share/video/7273595109499866411/
2023-09-01 12:54:07,https://www.tiktokv.com/share/video/7256938866102258987/
2023-09-01 06:39:27,https://www.tiktokv.com/share/video/7273222664377060654/
2023-08-31 11:18:54,https://www.tiktokv.com/share/video/7251828871866387758/
2023-08-30 19:33:19,https://www.tiktokv.com/share/video/7273124115123391786/
2023-08-29 18:08:45,https://www.tiktokv.com/share/video/7262553962010742059/
2023-08-29 18:07:23,https://www.tiktokv.com/share/video/7272605155198127403/
2023-08-28 19:16:51,https://www.tiktokv.com/share/video/7272424096682511658/
2023-08-28 19:05:29,https://www.tiktokv.com/share/video/7262395120534736170/
2023-08-28 12:39:39,https://www.tiktokv.com/share/video/7239475981403082027/
2023-08-28 12:38:40,https://www.tiktokv.com/share/video/7228415168735104299/
2023-08-28 12:17:40,https://www.tiktokv.com/share/video/7244960212912770347/
2023-08-26 13:00:00,https://www.tiktokv.com/share/video/7260945817278614827/
2023-08-26 07:26:40,https://www.tiktokv.com/share/video/7270517101654199594/
2023-08-26 07:13:51,https://www.tiktokv.com/share/video/7270854081176980778/
2023-08-24 08:55:20,https://www.tiktokv.com/share/video/7269959808084610350/
2023-08-24 08:31:54,https://www.tiktokv.com/share/video/7270684441394040106/
2023-08-24 08:29:01,https://www.tiktokv.com/share/video/7269605792691572011/
2023-08-22 11:16:43,https://www.tiktokv.com/share/video/7266540103051267371/
2023-08-22 08:28:11,https://www.tiktokv.com/share/video/7269218887441435950/
2023-08-19 14:12:22,https://www.tiktokv.com/share/video/7261716652377558278/
2023-08-18 19:17:24,https://www.tiktokv.com/share/video/7260942582140669210/
2023-08-18 06:40:49,https://www.tiktokv.com/share/video/7267766793681374510/
2023-08-17 07:12:41,https://www.tiktokv.com/share/video/7267865613161270561/
2023-08-16 07:17:24,https://www.tiktokv.com/share/video/7267631383756000558/
2023-08-13 07:37:11,https://www.tiktokv.com/share/video/7265831897169874222/
2023-08-13 07:25:50,https://www.tiktokv.com/share/video/7249023223994666283/
2023-08-12 19:52:43,https://www.tiktokv.com/share/video/7262993527662021930/
2023-08-12 19:31:04,https://www.tiktokv.com/share/video/7266189867472669958/
2023-08-12 08:08:12,https://www.tiktokv.com/share/video/6855691318891400454/
2023-08-12 08:05:39,https://www.tiktokv.com/share/video/7241974789466836230/
2023-08-12 07:22:50,https://www.tiktokv.com/share/video/7235755822884736299/
2023-08-12 07:19:30,https://www.tiktokv.com/share/video/7266188946047077637/
2023-08-11 07:00:29,https://www.tiktokv.com/share/video/7265806174526737706/
2023-08-10 13:58:41,https://www.tiktokv.com/share/video/7258333437956984110/
2023-08-10 06:26:38,https://www.tiktokv.com/share/video/7265453913506090283/
2023-08-09 19:17:42,https://www.tiktokv.com/share/video/7243464412550434090/
2023-08-09 19:02:25,https://www.tiktokv.com/share/video/7262481481660976430/
2023-08-08 19:23:10,https://www.tiktokv.com/share/video/7264338805820493102/
2023-08-08 19:19:02,https://www.tiktokv.com/share/video/7264990303705189675/
2023-08-07 14:20:16,https://www.tiktokv.com/share/video/7262016381879667974/
2023-08-06 06:45:00,https://www.tiktokv.com/share/video/7263923973681908998/
2023-08-04 13:41:38,https://www.tiktokv.com/share/video/7260509426522623258/
2023-08-04 13:19:09,https://www.tiktokv.com/share/video/7260667719270354182/
2023-08-04 13:06:32,https://www.tiktokv.com/share/video/7249470942965959941/
2023-08-04 13:03:51,https://www.tiktokv.com/share/video/7239921595228097835/
2023-08-04 08:59:16,https://www.tiktokv.com/share/video/7263167924599393578/
2023-08-01 11:13:26,https://www.tiktokv.com/share/video/7261402751106682155/
2023-07-31 07:14:48,https://www.tiktokv.com/share/video/7261695766950104366/
2023-07-30 19:21:34,https://www.tiktokv.com/share/video/7261370023095078186/
2023-07-30 14:55:00,https://www.tiktokv.com/share/video/7260817865765375259/
2023-07-30 14:43:36,https://www.tiktokv.com/share/video/7255538651826883882/
2023-07-30 08:03:17,https://www.tiktokv.com/share/video/7246510924524227883/
2023-07-30 07:15:45,https://www.tiktokv.com/share/video/7241294896206744875/
2023-07-29 13:50:31,https://www.tiktokv.com/share/video/7254501787766508827/
2023-07-29 12:44:30,https://www.tiktokv.com/share/video/7259751658895281451/
2023-07-29 12:37:00,https://www.tiktokv.com/share/video/7254978544906915099/
2023-07-29 12:28:53,https://www.tiktokv.com/share/video/7256972702894820651/
2023-07-29 12:18:01,https://www.tiktokv.com/share/video/7256896652487757098/
2023-07-26 07:31:26,https://www.tiktokv.com/share/video/7259642001547644186/
2023-07-25 07:23:50,https://www.tiktokv.com/share/video/7198259713082019077/
2023-07-25 06:37:36,https://www.tiktokv.com/share/video/7246628556212653355/
2023-07-24 11:19:57,https://www.tiktokv.com/share/video/7259116125991046427/
2023-07-24 06:52:44,https://www.tiktokv.com/share/video/7145214989832375557/
2023-07-24 06:52:05,https://www.tiktokv.com/share/video/7160039335662734597/
2023-07-23 08:50:57,https://www.tiktokv.com/share/video/7214564711017270571/
2023-07-23 08:47:38,https://www.tiktokv.com/share/video/7210962785600245038/
2023-07-23 07:40:30,https://www.tiktokv.com/share/video/7257645534050061594/
2023-07-22 22:31:11,https://www.tiktokv.com/share/video/7243420062529408261/
2023-07-21 19:02:39,https://www.tiktokv.com/share/video/7258047755707387182/
2023-07-21 18:43:32,https://www.tiktokv.com/share/video/7258003562310077742/
2023-07-20 19:49:44,https://www.tiktokv.com/share/video/7257598253837946155/
2023-07-20 19:25:00,https://www.tiktokv.com/share/video/7251007548218854702/
2023-07-19 12:40:39,https://www.tiktokv.com/share/video/7254990640939879723/
2023-07-19 06:27:16,https://www.tiktokv.com/share/video/7252924581609098539/
2023-07-19 06:25:49,https://www.tiktokv.com/share/video/7257221971371429146/
2023-07-18 19:17:11,https://www.tiktokv.com/share/video/7256054083935833390/
2023-07-16 19:22:22,https://www.tiktokv.com/share/video/7227944502105754923/
2023-07-16 18:59:35,https://www.tiktokv.com/share/video/7254357928805797126/
2023-07-16 18:47:09,https://www.tiktokv.com/share/video/7256312362213395739/
2023-07-15 17:33:40,https://www.tiktokv.com/share/video/7255757989599022378/
2023-07-15 16:41:54,https://www.tiktokv.com/share/video/7248771477347159342/
2023-07-15 16:37:28,https://www.tiktokv.com/share/video/7254602940701347114/
2023-07-15 14:00:04,https://www.tiktokv.com/share/video/7255455558130552107/
2023-07-14 19:22:18,https://www.tiktokv.com/share/video/7255488498705141034/
2023-07-07 19:24:14,https://www.tiktokv.com/share/video/7253154832431828250/
2023-07-06 19:37:30,https://www.tiktokv.com/share/video/7252702406692146458/
2023-07-06 08:25:17,https://www.tiktokv.com/share/video/7246197618617945370/
2023-07-01 07:28:49,https://www.tiktokv.com/share/video/7250458178649918725/
2023-06-28 13:02:23,https://www.tiktokv.com/share/video/7249443622414830890/
2023-06-26 19:21:31,https://www.tiktokv.com/share/video/7247716723166629147/
2023-06-25 06:56:31,https://www.tiktokv.com/share/video/7247187237601856811/
2023-06-23 11:52:10,https://www.tiktokv.com/share/video/7245346757155032363/
2023-06-20 07:50:46,https://www.tiktokv.com/share/video/7245949481886207240/
2023-06-19 19:11:57,https://www.tiktokv.com/share/video/7246208342991850795/
2023-06-19 07:47:06,https://www.tiktokv.com/share/video/7231957928482245915/
2023-06-18 12:48:25,https://www.tiktokv.com/share/video/7245131276125179182/
2023-06-18 12:24:49,https://www.tiktokv.com/share/video/7241287951022492974/
2023-06-18 12:07:50,https://www.tiktokv.com/share/video/7215262098027318533/
2023-06-18 09:51:15,https://www.tiktokv.com/share/video/7241013279043390766/
2023-06-17 19:30:39,https://www.tiktokv.com/share/video/7244910251890216197/
2023-06-17 07:02:51,https://www.tiktokv.com/share/video/7234902640415771950/
2023-06-17 06:43:04,https://www.tiktokv.com/share/video/7244708854162918698/
2023-06-16 07:14:46,https://www.tiktokv.com/share/video/7244887966869441819/
2023-06-15 19:00:00,https://www.tiktokv.com/share/video/7223681259770252570/
2023-06-15 14:45:05,https://www.tiktokv.com/share/video/7166013888612404486/
2023-06-12 12:09:05,https://www.tiktokv.com/share/video/7220857276737899781/
2023-06-12 07:20:35,https://www.tiktokv.com/share/video/7243529660418493723/
2023-06-11 19:57:09,https://www.tiktokv.com/share/video/7243221286112202030/
2023-06-11 11:29:10,https://www.tiktokv.com/share/video/7243166440642104619/
2023-06-11 07:16:35,https://www.tiktokv.com/share/video/7243046336642190619/
2023-06-11 07:16:21,https://www.tiktokv.com/share/video/7214100209490464042/
2023-06-11 06:51:32,https://www.tiktokv.com/share/video/7242389773648710930/
2023-06-09 19:15:38,https://www.tiktokv.com/share/video/7240859675820903686/
2023-06-09 12:51:36,https://www.tiktokv.com/share/video/7242466878134750507/
2023-06-09 12:48:50,https://www.tiktokv.com/share/video/7240875004382940443/
2023-06-09 07:16:17,https://www.tiktokv.com/share/video/7242402120563985665/
2023-06-08 19:00:47,https://www.tiktokv.com/share/video/7240649082576850222/
2023-06-08 12:42:11,https://www.tiktokv.com/share/video/7242067530280471813/
2023-06-06 12:21:11,https://www.tiktokv.com/share/video/7239818286467190043/
2023-06-06 07:15:23,https://www.tiktokv.com/share/video/7239975308806556974/
2023-06-05 12:14:20,https://www.tiktokv.com/share/video/7239721138337729819/
2023-06-01 07:21:38,https://www.tiktokv.com/share/video/7234622058406153515/
2023-05-30 12:25:47,https://www.tiktokv.com/share/video/7238770925133384962/
2023-05-30 07:15:58,https://www.tiktokv.com/share/video/7237720218490064174/
2023-05-30 07:12:40,https://www.tiktokv.com/share/video/7210670567471549698/
2023-05-29 07:30:23,https://www.tiktokv.com/share/video/7234971107906915626/
2023-05-25 13:46:46,https://www.tiktokv.com/share/video/7219862868559236357/
2023-05-25 13:43:46,https://www.tiktokv.com/share/video/7236403833541365034/
2023-05-24 07:45:35,https://www.tiktokv.com/share/video/7236454861355633947/
2023-05-20 07:46:44,https://www.tiktokv.com/share/video/7234189639597182251/
2023-05-12 19:00:14,https://www.tiktokv.com/share/video/7232319126801321242/
2023-05-11 18:52:16,https://www.tiktokv.com/share/video/7231911804920728834/
2023-05-11 07:56:53,https://www.tiktokv.com/share/video/7231673019783974187/
2023-05-10 14:13:03,https://www.tiktokv.com/share/video/7209682556197801222/
2023-05-10 07:01:29,https://www.tiktokv.com/share/video/7231170117420240155/
2023-05-09 20:00:44,https://www.tiktokv.com/share/video/7230874860820401451/
2023-05-09 19:11:57,https://www.tiktokv.com/share/video/7231188234917776666/
2023-05-07 12:43:00,https://www.tiktokv.com/share/video/7211994547084184875/
2023-05-06 07:50:13,https://www.tiktokv.com/share/video/7229139349420395818/
2023-05-06 07:12:31,https://www.tiktokv.com/share/video/7229053928044907818/
2023-05-04 19:36:36,https://www.tiktokv.com/share/video/7229136162370243882/
2023-05-03 19:39:24,https://www.tiktokv.com/share/video/7228656589463670062/
2023-05-03 08:01:55,https://www.tiktokv.com/share/video/7228396381432515866/
2023-05-03 07:51:22,https://www.tiktokv.com/share/video/7227894912740576555/
2023-05-02 11:48:04,https://www.tiktokv.com/share/video/7228279818440232219/
2023-05-02 07:46:08,https://www.tiktokv.com/share/video/7228256198892604715/
2023-05-01 07:54:03,https://www.tiktokv.com/share/video/7227939204389686574/
2023-04-30 13:02:57,https://www.tiktokv.com/share/video/7226017653020970286/
2023-04-30 12:54:22,https://www.tiktokv.com/share/video/7226684941155831066/
2023-04-26 12:47:02,https://www.tiktokv.com/share/video/7225457210871237934/
2023-04-26 12:38:43,https://www.tiktokv.com/share/video/7226149718856895787/
2023-04-25 12:37:06,https://www.tiktokv.com/share/video/7225535365677911322/
2023-04-25 06:44:08,https://www.tiktokv.com/share/video/7221555888753184046/
2023-04-25 06:38:00,https://www.tiktokv.com/share/video/7215241494180007174/
2023-04-24 17:00:04,https://www.tiktokv.com/share/video/7224471481449762090/
2023-04-23 12:29:56,https://www.tiktokv.com/share/video/7224622412866833710/
2023-04-23 07:12:32,https://www.tiktokv.com/share/video/7224638497699843374/
2023-04-22 07:08:44,https://www.tiktokv.com/share/video/7224483392618794283/
2023-04-22 07:06:48,https://www.tiktokv.com/share/video/7224180463441677569/
2023-04-21 19:38:42,https://www.tiktokv.com/share/video/7224239290191023402/
2023-04-20 19:31:56,https://www.tiktokv.com/share/video/7222882126482459950/
2023-04-20 19:11:04,https://www.tiktokv.com/share/video/7221287795812289800/
2023-04-20 13:28:20,https://www.tiktokv.com/share/video/7222367358671719722/
2023-04-19 18:59:15,https://www.tiktokv.com/share/video/7223716467450154282/
2023-04-19 18:55:53,https://www.tiktokv.com/share/video/6996323018079325445/
2023-04-19 18:47:46,https://www.tiktokv.com/share/video/7223618314176711942/
2023-04-18 19:16:35,https://www.tiktokv.com/share/video/7223267919147339010/
2023-04-18 12:15:55,https://www.tiktokv.com/share/video/7222763963715538219/
2023-04-18 06:35:15,https://www.tiktokv.com/share/video/7222705730464320773/
2023-04-17 06:55:04,https://www.tiktokv.com/share/video/7221626403400224043/
2023-04-17 06:42:57,https://www.tiktokv.com/share/video/7222343308196973867/
2023-04-17 06:41:12,https://www.tiktokv.com/share/video/7221573358503169285/
2023-04-15 12:01:33,https://www.tiktokv.com/share/video/7221652264568638763/
2023-04-15 06:12:59,https://www.tiktokv.com/share/video/7208057004512955694/
2023-04-13 19:52:22,https://www.tiktokv.com/share/video/7221304268362435846/
2023-04-13 12:58:25,https://www.tiktokv.com/share/video/7221037210651413765/
2023-04-13 12:51:43,https://www.tiktokv.com/share/video/7221033854570614059/
2023-04-10 13:12:29,https://www.tiktokv.com/share/video/7209122345338948906/
2023-04-10 12:27:22,https://www.tiktokv.com/share/video/7219772488916503813/
2023-04-10 07:00:59,https://www.tiktokv.com/share/video/7219785671337168171/
2023-04-09 12:47:54,https://www.tiktokv.com/share/video/7218968511782341934/
2023-04-09 07:49:06,https://www.tiktokv.com/share/video/7219273759885200645/
2023-04-09 07:25:55,https://www.tiktokv.com/share/video/7218993240287055146/
2023-04-09 07:15:15,https://www.tiktokv.com/share/video/7219697959804472619/
2023-04-08 12:46:45,https://www.tiktokv.com/share/video/7217913617918807338/
2023-04-07 07:20:53,https://www.tiktokv.com/share/video/7197705078260649221/
2023-04-07 07:15:21,https://www.tiktokv.com/share/video/7199332231247105286/
2023-04-07 07:14:44,https://www.tiktokv.com/share/video/7180701003505782022/
2023-04-07 07:14:33,https://www.tiktokv.com/share/video/7211496942377995563/
2023-04-07 07:12:51,https://www.tiktokv.com/share/video/7206327655535283462/
2023-04-07 06:24:46,https://www.tiktokv.com/share/video/7186895699412438318/
2023-04-06 19:07:17,https://www.tiktokv.com/share/video/7218620028860615978/
2023-04-06 12:35:14,https://www.tiktokv.com/share/video/7218657133586353414/
2023-04-05 19:12:51,https://www.tiktokv.com/share/video/7217997430892121387/
2023-04-05 07:20:54,https://www.tiktokv.com/share/video/7217839538964581674/
2023-04-05 07:19:53,https://www.tiktokv.com/share/video/7174499749737860358/
2023-04-05 07:18:53,https://www.tiktokv.com/share/video/7158419353803787522/
2023-04-05 07:18:07,https://www.tiktokv.com/share/video/6929911436315495685/
2023-04-05 07:17:39,https://www.tiktokv.com/share/video/7077160351447436571/
2023-04-05 07:16:38,https://www.tiktokv.com/share/video/7158213506016283950/
2023-04-05 07:15:31,https://www.tiktokv.com/share/video/6894364460400643334/
2023-04-04 07:12:35,https://www.tiktokv.com/share/video/7212370187213901061/
2023-04-04 06:57:33,https://www.tiktokv.com/share/video/7217586671024360709/
2023-04-02 07:46:57,https://www.tiktokv.com/share/video/7206148604120124714/
2023-04-02 07:46:35,https://www.tiktokv.com/share/video/7214256076768791814/
2023-04-01 07:29:38,https://www.tiktokv.com/share/video/7213772438012710149/
2023-04-01 06:51:28,https://www.tiktokv.com/share/video/7215789444136308011/
2023-03-30 19:34:41,https://www.tiktokv.com/share/video/7216420132564897029/
2023-03-29 07:33:26,https://www.tiktokv.com/share/video/7201632179766644014/
2023-03-27 17:27:57,https://www.tiktokv.com/share/video/7205354881635618094/
2023-03-25 14:02:14,https://www.tiktokv.com/share/video/7209765022833052970/
2023-03-22 09:00:39,https://www.tiktokv.com/share/video/7204115730910989614/
2023-03-19 13:21:06,https://www.tiktokv.com/share/video/7207457294639025451/
2023-03-18 07:45:03,https://www.tiktokv.com/share/video/7211512655381662982/
2023-03-17 19:55:38,https://www.tiktokv.com/share/video/7211273975505407278/
2023-03-17 17:50:14,https://www.tiktokv.com/share/video/7210926980601056517/
2023-03-15 12:03:29,https://www.tiktokv.com/share/video/7209664692699008299/
2023-03-14 08:19:31,https://www.tiktokv.com/share/video/7183189311800511790/
2023-03-12 13:47:11,https://www.tiktokv.com/share/video/7204425380877307142/
2023-03-12 13:30:31,https://www.tiktokv.com/share/video/7206925637372726570/
2023-03-12 12:51:44,https://www.tiktokv.com/share/video/7209159344158444843/
2023-03-11 13:56:35,https://www.tiktokv.com/share/video/7208594536493239598/
2023-03-07 08:47:27,https://www.tiktokv.com/share/video/7207614500479061290/
2023-03-04 08:41:46,https://www.tiktokv.com/share/video/7206472009033796906/
2023-03-02 14:52:13,https://www.tiktokv.com/share/video/7205688652326800686/
2023-02-28 08:15:57,https://www.tiktokv.com/share/video/7204639895460105498/
2023-02-25 09:15:22,https://www.tiktokv.com/share/video/7195726928253373742/
2023-02-23 14:47:53,https://www.tiktokv.com/share/video/7203167401305754886/
2023-02-09 13:05:15,https://www.tiktokv.com/share/video/7197707923395513643/
2023-02-08 12:45:18,https://www.tiktokv.com/share/video/7197253251425766698/
2023-02-08 08:43:36,https://www.tiktokv.com/share/video/7197548024539827502/
2023-02-05 20:54:15,https://www.tiktokv.com/share/video/7196445003915234565/
2023-02-05 13:54:23,https://www.tiktokv.com/share/video/7196505613390892334/
2023-02-05 13:51:26,https://www.tiktokv.com/share/video/7196109407044816170/
2023-02-03 13:26:24,https://www.tiktokv.com/share/video/7191532881955540267/
2023-01-29 08:57:26,https://www.tiktokv.com/share/video/7192191537906830634/
2023-01-29 08:53:25,https://www.tiktokv.com/share/video/7193312608022187307/
2023-01-19 20:08:49,https://www.tiktokv.com/share/video/7183441403505020202/
2023-01-09 13:27:08,https://www.tiktokv.com/share/video/7182287041751715114/
2022-10-17 12:34:21,https://www.tiktokv.com/share/video/7024125716518259974/
2022-10-15 07:21:21,https://www.tiktokv.com/share/video/7154145358136741125/
2022-10-04 13:02:12,https://www.tiktokv.com/share/video/7148814318522469675/
2022-09-13 17:06:43,https://www.tiktokv.com/share/video/7003708150473821446/
2022-09-13 11:59:39,https://www.tiktokv.com/share/video/7142508052485246213/
2022-09-09 12:32:42,https://www.tiktokv.com/share/video/7141075922911874350/
2022-09-07 06:01:47,https://www.tiktokv.com/share/video/7140361390836944170/
2022-09-06 06:21:14,https://www.tiktokv.com/share/video/7139350730279898414/
2022-09-02 18:48:08,https://www.tiktokv.com/share/video/7128986577539239210/
2022-08-29 12:34:09,https://www.tiktokv.com/share/video/7085070890987261189/
2022-08-29 12:28:46,https://www.tiktokv.com/share/video/6950724697906580741/
2022-08-27 19:25:20,https://www.tiktokv.com/share/video/7136344663241379115/
2022-08-24 13:40:14,https://www.tiktokv.com/share/video/7031191314909662470/
2022-08-24 13:38:40,https://www.tiktokv.com/share/video/7014869227655957765/
2022-08-24 13:38:03,https://www.tiktokv.com/share/video/7051257398442429701/
2022-08-24 13:35:04,https://www.tiktokv.com/share/video/7018137786259639557/
2022-08-24 13:32:57,https://www.tiktokv.com/share/video/7123050300541324545/
2022-08-24 06:52:05,https://www.tiktokv.com/share/video/7134408367996472618/
2022-08-24 06:49:50,https://www.tiktokv.com/share/video/7134781415056575787/
2022-08-09 06:51:19,https://www.tiktokv.com/share/video/7129285139623972102/
2022-08-08 06:47:02,https://www.tiktokv.com/share/video/7125135560443694378/
2022-07-28 20:23:04,https://www.tiktokv.com/share/video/7081213573296344362/
2022-03-16 14:21:34,https://www.tiktokv.com/share/video/7067337132221680942/
2021-11-21 14:18:33,https://www.tiktokv.com/share/video/6910244842853420293/
2021-11-21 14:17:35,https://www.tiktokv.com/share/video/6912885515549183238/
2021-11-21 14:17:00,https://www.tiktokv.com/share/video/6918497727873699078/
2021-11-21 14:15:19,https://www.tiktokv.com/share/video/6945645137733209350/
2021-11-21 14:13:59,https://www.tiktokv.com/share/video/6946380619668557061/
2021-11-14 14:35:48,https://www.tiktokv.com/share/video/7013404508357283078/
2021-11-14 14:30:07,https://www.tiktokv.com/share/video/6923359300618374406/
2021-11-14 14:23:23,https://www.tiktokv.com/share/video/6917702591782587653/
2021-11-14 14:21:20,https://www.tiktokv.com/share/video/6896731663464779014/
2021-11-14 14:21:13,https://www.tiktokv.com/share/video/6989378310602067205/
2021-11-14 14:16:22,https://www.tiktokv.com/share/video/6970091840544541957/
2021-11-14 14:15:20,https://www.tiktokv.com/share/video/6945256597287374085/
2021-11-14 14:15:05,https://www.tiktokv.com/share/video/6865806858225978629/
2021-11-14 14:13:57,https://www.tiktokv.com/share/video/6898924624176893190/
2021-11-14 14:13:35,https://www.tiktokv.com/share/video/6971210409588051205/
2021-11-14 14:13:18,https://www.tiktokv.com/share/video/6920401680806825222/
2021-11-14 14:13:07,https://www.tiktokv.com/share/video/6923385030387567878/
2021-11-14 14:11:59,https://www.tiktokv.com/share/video/6926256989655878917/
2021-11-14 14:11:47,https://www.tiktokv.com/share/video/6926259119540145414/
2021-11-14 14:10:42,https://www.tiktokv.com/share/video/6993129868477140229/
2021-11-14 14:08:56,https://www.tiktokv.com/share/video/6949250680330898693/
2021-11-14 14:07:23,https://www.tiktokv.com/share/video/6899572951075605765/
2021-11-14 13:27:05,https://www.tiktokv.com/share/video/7010526532577856774/
2021-11-14 13:25:50,https://www.tiktokv.com/share/video/6930240460824857861/
2021-11-14 13:25:42,https://www.tiktokv.com/share/video/6919871113363213573/
