Date,UserName
2023-09-21 10:35:21,mia_rehbein
2023-09-17 20:28:35,haledenholm1
2023-09-12 12:10:55,wizzy_the_witch
2023-07-25 20:57:43,i.amkika
2023-05-04 17:38:16,lessoless
2022-12-23 10:33:37,7oilos
2022-09-22 19:27:01,me.me_x
2022-04-04 04:19:29,elizabeth.dobbin2
2022-03-31 19:08:11,N/A
2022-03-28 00:18:54,cassandra.bernardo
2022-03-21 17:29:30,madelinesandert
2022-03-18 10:49:26,sherry.paul1
2022-03-15 10:45:55,joancumberland_0
2022-03-12 09:53:38,N/A
2022-03-08 20:54:16,samantha_copperfield0
2022-03-05 19:10:04,emma_onions1
2022-03-05 19:08:05,hazel_pullman2
2022-02-27 20:44:03,angela_trollpoe1
2021-11-27 10:11:01,hairsalonhieujapa31
2021-11-27 10:09:29,lostforgottensadspirit
2021-09-24 05:11:54,lileaohhhh
2021-08-31 23:29:04,tayg2001_
2021-08-11 16:39:44,patriciac14_
2021-07-29 06:01:46,dinosaurio_comemoras
2021-07-29 04:21:46,loukinha__
2021-07-28 20:10:31,davidguilherminomarques
2021-07-26 16:57:30,flakesff33
2021-07-26 11:56:23,beatriz.2738
2021-07-26 10:30:06,user7082082222976
2021-04-04 15:23:47,kenw420
2021-01-16 14:52:58,fanboy6283
