HashtagName,HashtagLink
clintbarton,https://www.tiktok.com/share/challenge/17220245/
edwardnygma,https://www.tiktok.com/share/challenge/3515379/
hawkeye,https://www.tiktok.com/share/challenge/85457/
katebishop,https://www.tiktok.com/share/challenge/2930429/
loki,https://www.tiktok.com/share/challenge/17078/
lokiseries,https://www.tiktok.com/share/challenge/1632414154631174/
luciferseason6,https://www.tiktok.com/share/challenge/1661448122243078/
mobius,https://www.tiktok.com/share/challenge/62057716/
mobiusedit,https://www.tiktok.com/share/challenge/1702075576904710/
mobiusmmobius,https://www.tiktok.com/share/challenge/1691449782963206/
nygmobblepot,https://www.tiktok.com/share/challenge/16780057/
oswaldcobblepot,https://www.tiktok.com/share/challenge/8674240/
