Date,SearchTerm
2023-09-28 11:33:38,agape questions
2023-09-27 19:41:40,toxic positivity
2023-09-27 19:41:39,Is your positivity toxic
2023-09-27 13:31:01,peter parker edit
2023-09-27 13:27:00,ezrabridgeredit
2023-09-27 07:17:17,peter parker edit
2023-09-27 07:13:17,stony edit
2023-09-27 07:04:19,supercorp taylor swift edit
2023-09-27 07:02:19,Supercorp
2023-09-27 07:01:17,Superbat
2023-09-27 07:00:17,Try guys baby
2023-09-27 06:30:58,Friendship bracelet loosening
2023-09-26 19:37:00,Taylor swift travis kelce edit
2023-09-26 19:28:39,Taylor swift travis kelce edit
2023-09-26 19:09:43,taylor swift travis kelce
2023-09-26 19:09:42,taylor swift travis kelce
2023-09-26 13:04:56,taylor swift travis kelce
2023-09-26 07:07:36,Football explained
2023-09-26 07:05:35,chris olsen
2023-09-25 07:45:17,keith habersberger baby
2023-09-25 07:43:23,Try guys
2023-09-25 07:40:21,folklore hairstyles
2023-09-25 07:37:23,taylor swift hairstyles
2023-09-25 07:35:22,bf taylor swift
2023-09-25 07:33:22,gf taylor swift
2023-09-25 07:24:24,taylor swift friendship bracelet
2023-09-25 07:24:23,friendship bracelet
2023-09-25 06:56:31,Am i farsighted
2023-09-24 19:41:26,nail gradient with sponge
2023-09-24 18:14:09,nail gradient with sponge
2023-09-24 13:05:35,small braid hairstyles
2023-09-24 12:47:51,klefan edit
2023-09-24 12:34:52,Spideypool
2023-09-24 11:27:19,Harvey Dent - Edits
2023-09-24 11:22:21,matpat thirst edit
2023-09-24 07:23:56,lokiusedit
2023-09-23 19:58:38,matpat edit
2023-09-23 19:45:39,Matpat edit
2023-09-23 19:39:37,terry mcginnis edit
2023-09-23 19:33:38,Harvey dent edit
2023-09-23 19:32:39,Twobats
2023-09-23 13:00:16,Superbat edit
2023-09-23 12:54:15,Stony edit
2023-09-23 07:58:33,Stony edit
2023-09-23 07:50:32,omitb
2023-09-22 15:12:20,how to tie friendship bracelets
2023-09-22 14:35:24,Friendship bracelet the 1 inspired
2023-09-22 14:12:02,Eras tour bracelet how to
2023-09-22 12:26:19,Ideas to do software extensions
2023-09-22 12:26:18,Ideas to do software extensions
2023-09-21 20:50:27,Ultimate spider man
2023-09-21 20:48:25,peter with thor in valhalla
2023-09-21 06:30:56,Bruce wayne gotham edit
2023-09-21 06:28:56,agape questions
2023-09-20 13:31:51,Matpat edit
2023-09-20 13:27:51,spillsometeawithme1
2023-09-20 07:57:19,joelmilleredit
2023-09-20 07:49:19,batlantern ship
2023-09-20 07:47:21,Wfa bruce wayne edit
2023-09-20 07:42:22,Matpat edit
2023-09-20 07:42:22,Wfa bruce wayne
2023-09-20 07:40:20,supermanandloisedit
2023-09-20 07:23:22,easy hairstyles
2023-09-20 07:18:20,Bf taylor explained
2023-09-20 07:07:21,Wfa bruce wayne
2023-09-20 07:07:20,gotham war
2023-09-20 07:06:21,gotham war
2023-09-20 07:06:20,gotham war edit
2023-09-19 12:46:03,Wfa bruce wayne
2023-09-19 12:31:02,bf taylor edit
2023-09-19 12:21:26,magic kingdom bear
2023-09-18 10:43:20,bf taylor edit
2023-09-18 09:06:04,bf taylor edit
2023-09-18 08:38:32,taylor swift weeknd
2023-09-18 08:38:32,bf taylor edit
2023-09-18 08:35:31,clone wars anakin
2023-09-18 08:35:30,clone wars anakin
2023-09-18 08:33:29,anakinskywalkeredit
2023-09-17 11:25:35,bruharvey
2023-09-16 19:25:10,Batlantern edit
2023-09-16 12:30:34,Superbat edit
2023-09-16 07:35:02,Superbat edit
2023-09-16 07:34:59,MJ & Peter Parker Edits
2023-09-16 07:32:02,terry mcginnis edit
2023-09-16 07:29:59,Batman dan mora
2023-09-16 07:27:59,olivia and taylor swift
2023-09-16 07:12:58,rach sullivan controversy
2023-09-16 06:47:11,anakin skywalker edit
2023-09-16 06:45:20,anakin skywalker edit
2023-09-15 18:54:18,Batman day
2023-09-15 13:34:14,steve green and nikki
2023-09-15 13:20:16,Olivia rodrigo guts tour prices
2023-09-15 13:09:15,Nail gradient tiny nails
2023-09-15 13:05:14,Nail gradient
2023-09-15 13:01:18,anakin skywalker edit
2023-09-15 13:00:15,anakin skywalker edit
2023-09-14 19:39:50,klefan edit
2023-09-14 19:35:50,stefan and jenna
2023-09-13 19:31:10,Matpat edit
2023-09-13 19:30:10,terry mcginnis edit
2023-09-13 19:17:09,tvd compulsion edit
2023-09-13 19:06:03,Guts world tour
2023-09-13 13:27:41,taylor reaction to olivia performance
2023-09-12 19:53:13,essence nail polish
2023-09-12 19:46:14,peter b parker edit
2023-09-12 19:46:13,terry mcginnis edit
2023-09-12 09:11:40,Wallylinda
2023-09-12 09:10:43,wally west comic edit
2023-09-12 09:06:41,wally west edit
2023-09-12 09:05:40,wallywestandbarryallen
2023-09-11 19:10:47,Mary jane parker
2023-09-11 19:06:09,peter b parker edit
2023-09-11 19:05:09,just dance weight loss
2023-09-11 11:11:32,peter b parker edit
2023-09-10 19:36:11,joel miller edit
2023-09-10 19:35:12,dark phoenix edit
2023-09-10 19:35:11,dark bruce wayne edit
2023-09-10 18:12:10,dark peter parker edit
2023-09-10 14:13:48,bolas de berlim receita
2023-09-10 13:43:22,thebeekid
2023-09-10 13:43:21,Liz
2023-09-10 13:35:53,connordbh
2023-09-10 10:14:57,gothamwar
2023-09-09 20:36:49,olivia rodrigo girl i've always been
2023-09-09 20:35:48,olivia rodrigo girl i've always been
2023-09-09 19:17:29,Spider-man ps4 edit
2023-09-09 19:16:29,Matpat edit
2023-09-09 19:11:25,ripper stefan edit
2023-09-09 19:07:36,Paul wesley edit
2023-09-09 13:46:29,ticktickboomnetflix
2023-09-09 13:42:28,olivia rodrigo obsessed
2023-09-09 12:04:40,im so happy im giving my girl the life she wants part 2
2023-09-09 07:39:11,peterbparker
2023-09-09 07:31:11,Peter and mayday
2023-09-09 07:25:11,Peter parker edit
2023-09-09 06:51:16,ET Canada
2023-09-07 19:31:09,Peter parker edit
2023-09-07 19:29:10,gotham war comics
2023-09-07 06:45:00,Batman who queefs
2023-09-06 11:57:48,terry mcginnis edit
2023-09-06 11:56:48,jay garrick edit
2023-09-06 07:44:00,bruce wayne edit
2023-09-06 07:39:59,klaus mikaelson edit
2023-09-06 07:38:59,batdad bruce
2023-09-06 07:36:58,gotham war comics
2023-09-06 06:59:27,hives on skin
2023-09-06 06:32:43,sophie turner
2023-09-05 18:43:33,comic peter parker
2023-09-05 08:25:03,comic peter parker
2023-09-05 08:23:03,Twink peter parker
2023-09-05 08:20:03,captain charming edit
2023-09-04 12:27:24,Batfamily edit
2023-09-04 12:24:24,Dc comics jsa
2023-09-04 11:58:05,Carter hall
2023-09-04 08:30:54,nick jonas priyanka chopra
2023-09-04 08:23:55,sophie turner joe jonas
2023-09-04 08:20:48,sophie turner joe jonas
2023-09-04 08:01:56,feira do livro porto
2023-09-04 07:58:37,feira do livro porto
2023-09-04 07:44:47,feira do livro porto
2023-09-04 07:14:35,brucie wayne
2023-09-04 07:09:13,brucie wayne
2023-09-03 19:57:33,priyankachopra
2023-09-03 19:57:32,jonasbrothers
2023-09-03 19:50:35,Nick priyanka
2023-09-03 19:25:27,bruce richard edit
2023-09-03 19:24:29,batmanandrobin
2023-09-03 18:11:26,sophie turner joe jonas
2023-09-03 18:09:23,tmz
2023-09-03 13:26:35,my adventures with superman
2023-09-03 13:25:34,skysolo
2023-09-03 13:07:00,elena and elijah
2023-09-03 09:54:04,Ethan and trisha
2023-09-03 09:34:44,dc stargirl edit
2023-09-02 19:27:59,cinderella because she broke homie
2023-09-02 19:04:54,Stormpilot edit
2023-09-02 19:02:54,Gotg game edit
2023-09-02 18:57:55,Peter quill game edit
2023-09-02 18:57:54,peter quill edit
2023-09-02 18:55:54,poe dameron edit
2023-09-02 18:54:54,Dc comics swimsuit
2023-09-02 13:32:04,love and other inconveniences booktok
2023-09-02 13:32:03,love and other inconveniences
2023-09-02 09:01:01,poe dameron edit
2023-09-02 09:00:02,Bi aroace obi wan kenobi
2023-09-02 08:58:02,Bi obi wan kenobi
2023-09-02 08:41:01,Peter b parker
2023-09-02 08:40:01,spider man across the spider-verse
2023-09-02 08:31:02,What to feed german shepherd
2023-09-02 08:26:52,wally west and linda park edit
2023-09-02 08:26:01,how i met your father spoiler
2023-09-02 08:23:02,how i met your father canceled
2023-09-02 08:23:01,howimetyourfather
2023-09-02 07:47:15,stefan proposes to elena in cafe
2023-09-01 19:11:58,wally west and linda park edit
2023-09-01 13:34:44,spider man across the spider-verse
2023-09-01 13:31:23,bi peter parker
2023-09-01 13:30:23,spider man across the spider-verse
2023-09-01 13:29:25,spider man across the verse
2023-09-01 13:29:25,bi dean winchester
2023-09-01 13:12:36,fluffy pancakes without baking powder
2023-09-01 13:03:58,pancakes without baking powder
2023-09-01 13:00:39,breakfast pancakes
2023-09-01 12:42:45,klefan edit
2023-09-01 07:03:28,bed bug bites
2023-09-01 07:02:28,bug bite
2023-09-01 06:45:27,eleventh doctor edit
2023-09-01 06:43:28,tenthdoctor
2023-08-31 18:49:24,erastourconcertfilm
2023-08-31 11:20:45,whouffle
2023-08-31 11:19:44,Whouffle edit
2023-08-31 07:09:18,jeremiahvaleska
2023-08-31 07:07:20,gotham war comics
2023-08-30 12:33:56,Bruce and cass edit
2023-08-30 12:23:53,Matpat edit
2023-08-30 12:21:56,Battinson edit
2023-08-30 12:20:56,The batman edit
2023-08-30 12:18:54,gotham war comic
2023-08-30 08:43:45,The batman edit
2023-08-30 08:43:44,The batman edit
2023-08-30 07:58:23,Doctor midnite
2023-08-30 07:58:22,doctor midnight stargirl
2023-08-30 07:51:21,spiderman edit
2023-08-30 07:48:20,Matpat edit
2023-08-30 07:48:20,terry mcginnis edit
2023-08-30 07:46:20,batdad bruce
2023-08-30 06:32:38,etn matpat edits
2023-08-30 06:26:37,Gotham war
2023-08-29 18:10:01,Matpat edit
2023-08-29 18:05:02,Gotham war
2023-08-29 12:18:34,klaus mikaelson edit
2023-08-29 12:14:33,Protective batman
2023-08-29 12:13:34,terry mcginnis edit
2023-08-29 12:12:33,bruce and tim edit
2023-08-29 12:10:33,klaus mikaelson edit
2023-08-29 12:01:06,justice society edit
2023-08-29 12:01:05,terry mcginnis edit
2023-08-29 12:00:04,gotham war comics
2023-08-29 12:00:03,gotham war comics
2023-08-29 11:59:03,Matpat edit
2023-08-29 07:45:16,wally west edit
2023-08-29 07:44:17,spitfire edit
2023-08-29 07:43:16,wally and artemis
2023-08-29 07:13:17,Matpat edit
2023-08-29 07:11:16,Matpat
2023-08-29 07:07:11,Matpat
2023-08-29 07:06:10,Streamys
2023-08-28 19:15:52,terry mcginnis edit
2023-08-28 19:12:50,Guardians of the galaxy game edit
2023-08-28 19:09:54,guardians of the galaxy game
2023-08-28 12:56:00,bruce and tim edit
2023-08-28 12:55:58,Bruce wayne almost hozier
2023-08-28 12:54:58,Bruce wayne almost
2023-08-28 12:53:57,joel and ellie edit
2023-08-28 12:52:57,mando and grogu edit
2023-08-28 12:48:57,maddie and josh
2023-08-28 12:42:06,klaus mikaelson edit
2023-08-28 12:38:24,Peter parker comictok
2023-08-28 12:31:09,peter parker edit
2023-08-28 12:21:58,peter parker edit
2023-08-28 12:20:59,Peter parker sass
2023-08-28 12:18:58,Halbruce edit
2023-08-28 12:16:57,spidermanps4
2023-08-28 11:30:31,taylor swift workout
2023-08-28 08:14:36,Ever after high
2023-08-28 07:47:35,Swarkles
2023-08-28 07:45:34,valentina and charlie
2023-08-28 07:34:34,himyfedit
2023-08-28 07:30:44,klaus mikaelson edit
2023-08-28 07:29:46,Halbruce edit
2023-08-28 07:28:44,destiel taylor swift
2023-08-28 07:15:42,terry mcginnis edit
2023-08-28 07:11:40,Superbat edit
2023-08-28 06:52:05,Streamy
2023-08-27 20:01:56,Superbat edit
2023-08-27 20:01:55,Superbat taylor swift
2023-08-27 19:31:35,klaus mikaelson edit
2023-08-27 19:31:32,Kent nelson
2023-08-27 19:27:29,Carter hall
2023-08-27 19:25:29,justice society edit
2023-08-27 14:17:44,justice society edit
2023-08-27 14:16:44,Jsa dc
2023-08-27 14:16:43,Jsa
2023-08-27 12:29:57,klaus mikaelson edit
2023-08-27 12:26:57,eras tour selena gomez
2023-08-27 12:26:56,selenagomez
2023-08-27 12:16:37,protective klaus mikaelson
2023-08-27 11:42:46,adam mcintyre
2023-08-27 07:58:42,protective klaus mikaelson
2023-08-27 07:58:41,klaus mikaelson edit
2023-08-26 19:13:34,gotham bruce wayne edit
2023-08-26 19:12:35,nadia and alan edit
2023-08-26 19:11:34,russian doll netflix
2023-08-26 19:11:34,russian dolls edit
2023-08-26 07:08:15,obi wan and leia edit
2023-08-26 07:00:43,Star wars chopper
2023-08-26 07:00:41,chopper
2023-08-26 06:46:41,Anti billy dunne
2023-08-25 19:29:50,obi wan and leia edit
2023-08-25 19:23:50,bat family edit
2023-08-25 19:22:49,batdad bruce
2023-08-25 19:21:50,miguel x lego spider
2023-08-25 19:16:50,Petermj comic edit
2023-08-25 19:12:51,johnny storm and peter parker edit
2023-08-25 19:12:49,Johnny storm and wyatt
2023-08-25 18:51:02,eras tour mexico
2023-08-25 13:41:31,bat family taylor swift
2023-08-25 13:41:30,destiel taylor swift
2023-08-25 13:37:30,Madelyne pryor alex summers
2023-08-25 13:36:30,alexsummers
2023-08-25 12:37:25,felicia hardy edit
2023-08-25 12:37:23,Selina kyle and ted grant
2023-08-25 12:36:24,ted grant edit
2023-08-25 12:34:13,terry mcginnis edit
2023-08-25 12:31:10,ahsokaseries
2023-08-25 06:38:02,psl
2023-08-24 19:00:50,riverdale ending couples
2023-08-24 12:51:54,dcstargirledit
2023-08-24 12:50:56,Pat dugan edit
2023-08-24 12:49:56,Courtney and pat edit
2023-08-24 12:40:54,justiceleagueaction
2023-08-24 12:39:56,courtney whitmore edit
2023-08-24 12:35:54,terry mcginnis edit
2023-08-24 12:32:55,bruce and damian edit
2023-08-24 12:30:54,bruce and jason
2023-08-24 12:30:54,bruce and alfred edit
2023-08-24 12:24:53,Klope
2023-08-24 08:45:40,Klope
2023-08-24 08:38:00,batdad bruce
2023-08-24 08:36:59,samantha jones
2023-08-23 13:02:55,bruce and jason
2023-08-23 12:10:49,americandragonjakelong
2023-08-23 11:16:22,selena gomez scooter braun tik tok
2023-08-23 07:29:00,german shepherd in apartment
2023-08-23 07:23:59,first time german shepherd owner
2023-08-23 07:11:59,first time dog owner
2023-08-23 06:59:25,Gotham war
2023-08-23 06:52:26,bruce and jason
2023-08-23 06:50:24,alex and henry
2023-08-23 06:49:24,first time dog owner
2023-08-22 20:05:33,Taylor kanye beef
2023-08-22 12:39:47,peter mj comic
2023-08-22 11:17:17,matpat and rosanna
2023-08-22 08:01:45,bruce and jason
2023-08-22 07:57:43,royjamie
2023-08-22 06:20:11,F1
2023-08-21 19:29:15,bruce and jason
2023-08-21 19:27:17,daredevil comic edit
2023-08-21 19:25:18,daredevil fight edit
2023-08-21 19:25:15,daredevil parkour
2023-08-21 19:22:16,bruce and jason
2023-08-21 19:16:17,volunteering at an animal shelter
2023-08-21 12:39:12,bruce and jason
2023-08-20 19:58:44,daredevil badass edit
2023-08-20 07:11:20,daredevil edits
2023-08-20 07:03:20,Matt Murdock Edits
2023-08-19 13:57:35,Taylor swift wedding
2023-08-19 13:39:07,Joe alwyn bruce kent
2023-08-19 13:31:17,Joe alwyn
2023-08-19 13:23:41,joe alwyn funeral
2023-08-19 08:12:59,Comic tok
2023-08-19 07:57:58,dawngranger
2023-08-19 07:51:00,madelyn pryor alex summers
2023-08-19 07:47:58,madelynpryor
2023-08-18 19:40:48,Peter parker comic edit
2023-08-18 19:34:46,matt foggy edit
2023-08-18 19:30:48,Matt murdock comic edit
2023-08-18 19:29:50,daredevil chip zdarsky
2023-08-18 19:29:47,daredevil chip zdarsky
2023-08-18 19:24:49,daredevil chip zdarsky
2023-08-18 19:20:46,diana and bruce wayne
2023-08-18 19:15:48,barbie dance tutorial dance the night
2023-08-18 18:49:20,black flame candle explaining
2023-08-18 13:35:06,Kindle
2023-08-18 13:34:13,Kindle
2023-08-18 13:29:49,Kindle
2023-08-18 13:20:19,onlymurdersinthebuildingedit
2023-08-18 11:11:09,Ryland adams
2023-08-18 07:03:03,Steve brady
2023-08-18 07:03:02,Steve brady
2023-08-18 06:53:55,andjustlikethat
2023-08-18 06:52:55,andjustlikethat
2023-08-18 06:25:10,brokeback mountain joe alwyn
2023-08-17 19:29:19,Obi-Wan Kenobi Edits
2023-08-17 19:26:50,donna troy and grayson
2023-08-17 13:14:41,reddit aita
2023-08-17 13:14:40,reddit stories
2023-08-17 12:42:29,camilla and eddie
2023-08-17 12:37:14,daisy jones camila
2023-08-17 12:27:16,daisy jones and the six
2023-08-17 12:02:30,not chris olsen
2023-08-17 08:28:35,scott jean and logan
2023-08-17 08:26:37,scott and logan edit
2023-08-17 08:19:03,Klefan
2023-08-17 08:18:02,Klefan
2023-08-17 07:44:39,robin grayson edit
2023-08-17 07:41:38,Cherik comics
2023-08-17 07:10:34,Lily aquaman
2023-08-17 07:09:34,Lily aquaman
2023-08-17 07:09:33,Lily aquaman
2023-08-16 13:38:22,Cherik comics
2023-08-16 13:22:58,robin deathstroke
2023-08-16 13:18:00,barry allen edit
2023-08-16 13:15:58,Pedo slade wilson
2023-08-16 13:12:58,barry allen edit
2023-08-16 13:12:56,barry these scars we have they make us who we are
2023-08-16 13:08:58,teenage bruce wayne
2023-08-16 12:34:47,Fall of x
2023-08-16 12:33:47,phoenixforce
2023-08-16 11:53:41,samantha jones
2023-08-16 11:52:41,Thebeekid
2023-08-16 11:48:40,pat field satc
2023-08-16 08:06:54,zari tomaz edit
2023-08-16 08:02:53,Avalance edit
2023-08-16 05:48:51,sore leg muscles
2023-08-15 13:08:18,samantha jones
2023-08-15 12:54:17,andjustlikethat
2023-08-15 12:53:17,carriebradshaw
2023-08-15 12:00:26,omitb
2023-08-15 09:16:34,Batman reputation
2023-08-15 08:21:54,cherik taylor swift edit
2023-08-15 08:16:53,Cherik edit
2023-08-14 19:33:50,my adventures with superman
2023-08-14 19:30:14,eras tour jacket diy
2023-08-14 19:28:30,eras tour jacket diy
2023-08-14 13:06:08,Taylor swift nicki minaj beef
2023-08-14 13:03:07,taylor swift nicki minaj
2023-08-14 13:02:07,redwhiteandroyalblue
2023-08-14 11:06:15,taylor swift nicki minaj
2023-08-14 07:56:51,Fall of x
2023-08-14 07:54:51,Jean grey comics
2023-08-14 07:49:50,jean grey edit
2023-08-14 07:46:50,scott summers edit
2023-08-14 07:44:50,illyana rasputin and kitty
2023-08-14 07:43:51,Kate pryde edit
2023-08-14 07:38:51,Kitty pryde edit
2023-08-14 07:37:51,Kitty pryde
2023-08-13 19:55:20,Bi bruce wayne
2023-08-13 19:53:27,Bruce and harvey edit
2023-08-13 19:53:26,Jason blood edit
2023-08-13 19:49:20,Ghostmaker batman edit
2023-08-13 19:47:22,Ghostbat edit
2023-08-13 19:45:22,Batcat edit
2023-08-13 19:45:20,shadowcat xmen
2023-08-13 19:44:19,scott and logan edit
2023-08-13 19:42:21,scott and jean edit
2023-08-13 19:40:21,Batcat taylor swift
2023-08-13 13:52:41,Joe alwyn cat
2023-08-13 13:44:43,try guys romeo and juliet
2023-08-13 13:43:43,Try guys
2023-08-13 12:51:04,destiel taylor swift
2023-08-13 12:42:23,destiel edit
2023-08-12 12:33:32,rwrb
2023-08-12 08:13:11,strange way of life
2023-08-12 08:07:50,taylor swift workout
2023-08-12 08:04:51,Workout to prep for eras tour
2023-08-12 07:34:51,Eras tour parents and kids
2023-08-12 07:31:54,Eras tour parents and kids
2023-08-12 07:27:48,hannigram
2023-08-12 07:23:48,olivia rodrigo taylor swift
2023-08-11 19:40:41,taylor swift choreography
2023-08-11 19:37:42,destiel taylor swift
2023-08-11 19:32:19,phil dunster charity match
2023-08-11 19:32:17,jamie tartt edit
2023-08-11 19:25:17,rwrbmovie
2023-08-11 13:31:38,passadiços do paiva
2023-08-11 13:31:36,viagensdeférias
2023-08-11 13:29:38,Coosas para fazer com amigos em portugal
2023-08-11 13:28:40,coisas para fazer no porto
2023-08-11 13:28:37,Coisas divertidas para fazer com amigos no porto
2023-08-11 13:27:38,Atividades para grupo de amigas
2023-08-11 07:04:44,marvel taylor swift albums
2023-08-11 07:02:44,Eras tour workout
2023-08-11 06:47:43,Say my name and everything Just STOPS
2023-08-10 19:56:05,marvel taylor swift albums
2023-08-10 19:55:05,marvel taylor edit
2023-08-10 19:45:06,marvel taylor swift edits
2023-08-10 19:38:02,timkon
2023-08-10 19:31:11,Ghostbat
2023-08-10 13:56:18,dc comics taylor swift
2023-08-10 13:49:18,Batfamily taylor swift
2023-08-10 13:45:20,Halbarry
2023-08-10 13:41:21,superbatedit
2023-08-10 11:50:16,karlie kloss eras tour
2023-08-10 11:19:34,only murders in the building 
2023-08-10 06:25:28,1989
2023-08-09 19:24:25,destiel edit
2023-08-09 14:29:36,emotionalsupportbarbie
2023-08-09 13:48:01,Superwonderbat
2023-08-09 13:46:02,mayday parker edit
2023-08-09 13:42:03,peter mj comics edit
2023-08-09 13:42:01,peter mj edit
2023-08-09 13:37:03,spideypool edit
2023-08-09 13:33:03,Spideytorch edit
2023-08-09 13:29:00,Parksborn edit
2023-08-09 08:16:46,supercorp edit
2023-08-09 08:15:44,hannigram edit
2023-08-09 08:12:45,Internet mom ash
2023-08-09 08:11:46,Batman audio adventures
2023-08-09 08:11:45,Klefan
2023-08-09 08:10:45,Ethan winters
2023-08-09 07:33:34,thewomaninthehouseacrossthestreet
2023-08-08 15:14:24,hannigram fanfic recs
2023-08-08 15:11:24,Ned fulmer
2023-08-08 14:53:30,robert pattinson edit
2023-08-08 14:52:30,battinson
2023-08-08 14:48:30,will graham edit
2023-08-08 14:46:30,Hannigram obsessed
2023-08-08 12:39:50,Will graham dogs
2023-08-08 12:33:39,Hannibal winston
2023-08-08 06:45:13,nedfulmer
2023-08-08 06:42:29,nedfulmer
2023-08-07 19:12:01,joel miller edit
2023-08-07 19:10:00,hannigram edit
2023-08-07 19:08:03,will graham edit
2023-08-07 19:05:01,ethan hunt edit
2023-08-07 19:04:01,cassandra cain edit
2023-08-07 14:14:01,murderhusbandsedits
2023-08-06 19:26:07,cassandra cain edit
2023-08-06 19:23:06,ethan hunt edit
2023-08-06 18:31:33,ethan hunt edit
2023-08-06 18:26:32,hannigram edit
2023-08-06 18:05:21,hannigram edit
2023-08-06 06:59:39,ethan hunt edit
2023-08-06 06:51:39,klayley
2023-08-06 06:48:39,arthur and merlin
2023-08-05 16:52:47,selina kyle edit
2023-08-05 16:52:45,benji and ethan
2023-08-05 16:32:28,mission impossible dead reckoning
2023-08-05 16:32:27,kyle kyleson
2023-08-05 07:49:00,muriel and crowley
2023-08-05 07:35:59,andrew garfield spider man
2023-08-05 07:30:59,Halbruce
2023-08-04 14:02:45,ineffablebureaucracyedit
2023-08-04 13:50:45,peter parker edit
2023-08-04 13:48:46,Spideytorch
2023-08-04 13:46:45,aziracrow
2023-08-04 13:30:38,Barbie dance
2023-08-04 13:28:39,Spideytorch
2023-08-04 13:02:52,Spideytorch
2023-08-04 12:42:04,the Mexican marvel comics version of Gwen
2023-08-04 09:10:09,booktok controversy
2023-08-04 09:09:11,booktok controversy
2023-08-04 09:09:10,booktok controversy
2023-08-03 07:23:24,battinson
2023-08-03 07:22:25,Lokius
2023-08-03 07:22:24,the flight attendant edit
2023-08-03 07:21:25,Flight attendant edit
2023-08-03 07:21:24,flight attendant
2023-08-03 07:17:06,george rr martin barbie outfit
2023-08-02 13:25:49,g r r martin barbie
2023-08-02 13:12:37,Eras tour workout
2023-08-02 13:03:13,learn to walk in heels
2023-08-02 11:20:49,mobius m mobius
2023-08-02 11:19:48,mobiusedit
2023-08-02 07:50:08,mobius loki edit
2023-08-02 07:47:08,Lokius
2023-08-02 07:46:07,beelzebub x gabriel
2023-08-02 07:42:07,ineffablehusbands
2023-08-02 07:39:07,protective crowley
2023-08-02 07:33:08,protective crowley
2023-08-02 07:22:15,martin freeman controversy
2023-08-02 07:18:52,Lizzo
2023-08-01 11:25:27,battinson
2023-08-01 11:22:29,Clois edit
2023-08-01 11:21:28,Clois
2023-08-01 11:21:27,ineffablebureaucracy
2023-08-01 11:18:27,ineffablebureaucracy
2023-08-01 07:56:36,Lokius
2023-08-01 07:55:36,loki and mobius
2023-08-01 07:54:36,loki and mobius
2023-08-01 07:47:36,fury and talos
2023-08-01 07:44:36,ineffablehusbands
2023-08-01 06:45:39,fury and talos
2023-07-31 07:48:29,batlantern ship
2023-07-30 19:24:03,Agent whiskey
2023-07-30 19:07:41,agentwhiskey
2023-07-30 19:04:43,knight terror dc
2023-07-30 15:05:28,yellow bentley good omens
2023-07-30 14:42:50,darkbloom
2023-07-30 07:32:43,Klefan
2023-07-30 07:32:42,joelmilleredit
2023-07-30 07:16:43,superbat edit
2023-07-30 07:07:52,superbat edit
2023-07-30 07:07:50,Justice beach
2023-07-29 12:18:47,davina and klaus
2023-07-29 11:21:28,Eras tour mark zuckerberg
2023-07-29 11:21:25,Eras tour mark zuckerberg
2023-07-29 08:07:36,Eras tour mark zuckerberg
2023-07-29 07:09:29,holarke
2023-07-29 06:58:19,holarke
2023-07-29 06:26:24,holarke
2023-07-29 06:20:25,ineffablehusbands
2023-07-29 06:18:24,ineffablehusbands
2023-07-29 06:17:24,ineffablehusbands
2023-07-29 06:12:24,How I Met Your Father
2023-07-29 05:56:31,holarke
2023-07-29 05:47:43,Batman/catwoman gotham war
2023-07-28 22:12:30,Gotham war
2023-07-28 22:11:31,crowley and aziraphale kiss
2023-07-28 13:05:50,matt donovan edit
2023-07-28 12:56:50,hope mikaelson edit
2023-07-28 12:53:50,no humanity stefan edit
2023-07-28 11:59:04,no humanity hope
2023-07-28 07:08:54,silas tvd edit
2023-07-28 06:56:53,klaus mikaelson edit
2023-07-28 06:56:53,stefan salvatore edit
2023-07-28 06:55:54,Klefan
2023-07-28 06:52:54,emma frost scott edit
2023-07-28 06:51:53,Emma frost
2023-07-27 14:32:05,stefan salvatore edit
2023-07-27 14:24:06,hope mikaelson edit
2023-07-27 14:24:05,hayley marshall edit
2023-07-27 12:03:43,hayley marshall edit
2023-07-27 12:00:35,stefan salvatore edit
2023-07-27 11:58:35,top 5 taylor swift
2023-07-27 11:49:54,emma frost tony stark
2023-07-27 11:49:53,emma frost tony stark
2023-07-27 11:47:55,Emma frost
2023-07-27 11:46:53,Fall of x
2023-07-27 11:44:54,Fall of x
2023-07-27 11:38:16,hellfiregala
2023-07-27 07:38:59,Klefan
2023-07-27 07:24:00,elijah mikaelson edit
2023-07-27 07:22:56,elijah mikaelson edit
2023-07-27 07:13:30,no humanity caroline
2023-07-27 07:05:29,why do people put ducks on jeeps
2023-07-26 22:08:49,elijah mikaelson edit
2023-07-26 13:01:28,Klefan
2023-07-26 13:01:27,klefan edit
2023-07-26 12:56:28,bamon
2023-07-26 12:43:35,hellfiregala
2023-07-26 12:43:34,hellfiregala
2023-07-25 22:26:27,Warnerbros
2023-07-25 22:25:31,Warner Bros Pictures
2023-07-25 22:25:29,Meg barbie trailer
2023-07-25 22:25:27,Meg barbie trailer
2023-07-25 19:39:31,Bi bruce wayne
2023-07-25 19:35:30,bruce wayne bimbo
2023-07-25 19:34:31,Gay batman
2023-07-25 19:34:31,Starkid batman
2023-07-25 19:33:32,Rainbow batman
2023-07-25 19:29:30,klefan edit
2023-07-25 19:12:17,double it and give it to next person
2023-07-25 07:57:24,Missycperez
2023-07-25 07:56:12,staged michael and david
2023-07-25 07:56:11,Miss perez
2023-07-25 07:21:58,klefan edit
2023-07-25 07:05:59,stefan salvatore edit
2023-07-25 07:04:57,do revenge edit
2023-07-24 12:03:49,Pink batman
2023-07-24 12:01:48,petersutherland
2023-07-24 07:35:58,do revenge edit
2023-07-24 06:51:23,Making star dress taylor swift
2023-07-24 06:51:21,eras tour midnights outfit
2023-07-23 14:03:20,eras tour midnights outfit
2023-07-23 14:02:20,Sdcc dc comics
2023-07-23 14:01:20,Sdcc dc comics
2023-07-23 13:59:19,Sdcc 2023 marvel
2023-07-23 13:58:13,sdcc monster high
2023-07-23 13:58:12,Sdcc 2023 comic
2023-07-23 11:44:35,Sdcc 2023 comic
2023-07-23 08:43:30,eras tour midnights outfit
2023-07-23 08:36:09,eras tour midnights outfit
2023-07-22 22:29:36,eras tour midnights outfit
2023-07-22 18:48:35,eras tour midnights outfit
2023-07-22 13:00:15,jack bannon edit
2023-07-22 12:59:15,jack bannon pennyworth edit
2023-07-22 12:55:15,jackbannon
2023-07-22 12:54:15,young alfred pennyworth
2023-07-22 12:53:15,Pennyworth series edit
2023-07-22 12:51:15,alfred pennyworth edit
2023-07-22 12:50:14,superbat edit
2023-07-22 12:43:16,ethan hunt edit
2023-07-22 12:43:15,Ethan hunter
2023-07-21 19:20:24,superbat edit
2023-07-21 19:19:24,Hollarke
2023-07-21 19:15:24,Hollarke
2023-07-21 19:11:23,Me Before You
2023-07-21 13:51:36,Hollarke
2023-07-21 13:51:34,hope and clarke
2023-07-21 13:46:35,hope and clarke
2023-07-21 11:55:07,Ethan and benji edit
2023-07-21 11:49:05,ethan and benji
2023-07-21 11:45:00,Barbie movie
2023-07-21 09:35:43,ethan and benji
2023-07-20 19:45:40,Barbie movie
2023-07-20 19:45:38,ethan and benji
2023-07-20 19:43:37,benthan
2023-07-20 19:38:37,ethan and benji
2023-07-20 19:27:27,Barbie movie
2023-07-20 19:23:25,papa and mama swift
2023-07-19 19:42:21,steferine edit
2023-07-19 12:24:33,papa and mama swift
2023-07-19 12:22:24,papa and mama swift
2023-07-19 07:54:57,harrystyleslisbon
2023-07-19 07:34:36,laser hair removal at home
2023-07-19 07:05:58,Mattel Enchantix
2023-07-19 06:49:42,ellie and joel edit
2023-07-19 06:47:46,stonyedit
2023-07-19 06:40:40,wildflower movie part 3
2023-07-17 20:00:14,how to get the 22 hat eras tour
2023-07-16 19:51:10,steferine edit
2023-07-16 19:28:03,stefan salvatore edit
2023-07-16 17:08:18,candace finds out jeremy is dating her
2023-07-15 18:48:55,ht haze taylor swift
2023-07-13 19:32:24,winx club reboot
2023-07-10 13:22:50,barbie movie outfits
2023-07-10 13:22:50,barbie premiere
2023-07-10 13:21:48,barbie movie outfits
2023-07-10 12:40:08,Eras tour uk
2023-07-10 12:39:09,Eras tour uk
2023-07-10 11:33:37,Eras tour uk
2023-07-10 11:32:37,Eras tour
2023-07-10 08:09:16,the night agent
2023-07-10 07:55:55,free spanish lesson
2023-07-10 07:54:55,free coding courses
2023-07-10 07:04:46,The batman edit
2023-07-10 06:53:46,tvd taylor swift
2023-07-10 06:52:45,Will trent
2023-07-10 06:50:45,ht haze taylor swift
2023-07-10 06:46:46,ht haze taylor swift
2023-07-09 19:28:41,Batman taylor swift
2023-07-09 19:21:42,Tvd taylor swift
2023-07-09 12:39:19,buying tickets on see tickets
2023-07-09 12:38:11,see tickets
2023-07-09 12:07:09,buying taylor swift tickets
2023-07-09 10:36:16,buying taylor swift tickets
2023-07-08 13:17:51,klefan edit
2023-07-08 13:09:19,steferine edit
2023-07-08 07:55:30,Bruce wayne dan mora
2023-07-08 07:55:28,bruce wayne edit
2023-07-08 07:52:28,indiana jones edit
2023-07-08 07:50:28,beronica
2023-07-07 12:55:19,Martin Johnson
2023-07-07 10:01:52,i can see you taylor swift
2023-07-06 19:15:36,joe goldberg
2023-07-06 19:14:36,john goldenberg
2023-07-06 19:12:36,bones wendell
2023-07-06 19:11:35,jackhodgins
2023-07-06 16:01:36,barbie marketing
2023-07-06 12:29:08,seetickets
2023-07-06 09:06:30,katgraham
2023-07-06 08:34:10,dc trinity edit
2023-07-06 08:33:11,Superwonderbat edit
2023-07-06 08:19:10,Superwonderbat
2023-07-06 08:08:09,booth and brennan
2023-07-06 07:33:38,hope mikaelson
2023-07-06 07:31:37,hope and aurora
2023-07-05 13:42:39,petersutherland
2023-07-05 13:41:41,batdad bruce
2023-07-05 13:39:40,Timkon
2023-07-05 13:36:40,Batfamily
2023-07-05 13:28:02,ht haze taylor swift
2023-07-05 13:09:14,zari and constantine
2023-07-05 13:03:02,peter and rose
2023-07-05 12:59:02,The night agent
2023-07-05 08:49:52,The night agent
2023-07-05 08:26:22,ariel fulmer
2023-07-05 08:25:22,ariel fulmer
2023-07-05 08:12:23,stella and brandon
2023-07-05 08:07:22,baby winx and the specialist
2023-07-05 07:57:29,flora and brandon being siblings
2023-07-05 07:34:55,minhkhoakhan
2023-07-05 07:33:54,Ghostbat edit
2023-07-05 07:28:54,Ghostbat edit
2023-07-05 07:24:54,ghostbat
2023-07-05 07:22:54,bi bruce wayne
2023-07-05 07:15:54,Klefan edit
2023-07-05 07:11:54,Stony edit
2023-07-05 07:07:55,bi tony stark
2023-07-05 07:02:54,ironstrange
2023-07-04 19:16:03,kolvina edit
2023-07-04 19:09:42,Weekly tea
2023-07-04 18:35:40,tommy merlyn
2023-07-04 18:32:21,love and death don crowder
2023-07-04 13:37:39,klayley
2023-07-04 13:34:39,zatannaandtheripper
2023-07-04 13:28:39,zatanna and constantine
2023-07-04 08:20:27,based on a true story edit
2023-07-04 08:20:25,Ready For It? - Taylor Swift
2023-07-04 08:15:25,Wonderbat edit
2023-07-04 08:14:26,Wonderbat
2023-07-04 08:13:25,Damijon
2023-07-04 08:12:25,indiana jones marion edit
2023-07-04 08:07:24,tedlassoedit
2023-07-03 19:37:26,Wonderbat
2023-07-03 16:38:47,indiana jones marion edit
2023-07-03 12:55:28,Batcat
2023-07-03 12:52:28,batcat midnight rain
2023-07-03 12:27:22,Animal shelter
2023-07-03 12:27:22,Dog canil
2023-07-03 08:01:24,Indiana jones edit
2023-07-03 07:56:26,Indiana jones
2023-07-03 07:37:23,terry mcginnis edit
2023-07-02 19:34:20,ht haze taylor swift
2023-07-02 19:29:18,andrew garfield spider man
2023-07-02 19:28:21,Ted lasso edit
2023-07-02 19:28:21,...Ready For It? - Taylor Swift
2023-07-02 19:26:12,shadowhunters edit
2023-07-02 18:11:14,shadowhunters edit
2023-07-02 18:08:13,Jamie tartt prick
2023-07-02 18:04:16,malec edit
2023-07-02 12:33:29,jamie tartt edit
2023-07-02 12:29:28,jamietartt
2023-07-02 07:44:07,olivia rodrigo - vampire
2023-07-02 07:41:06,diana prince edits
2023-07-02 07:39:07,pick it up
2023-07-02 07:36:06,roykentedit
2023-07-01 20:07:51,clark kent lex luthor
2023-07-01 20:07:50,Clex
2023-07-01 20:01:49,andrewgarfield
2023-06-30 19:27:06,adam response to colleen
2023-06-30 19:21:06,terry mcginnis edit
2023-06-30 19:17:06,robert pattinson edit
2023-06-30 19:14:06,benedictbridgertonedit
2023-06-30 19:14:05,olivia rodrigo vampire
2023-06-30 19:11:06,olivia rodrigo vampire
2023-06-30 12:56:13,roy kent and jamie tartt
2023-06-30 12:23:47,ht haze taylor swift
2023-06-30 12:22:47,Hobama
2023-06-30 07:21:30,terry mcginnis edit
2023-06-30 07:16:31,Batman beyond edit
2023-06-30 07:15:31,Anti batcat
2023-06-30 07:14:33,Batman/catwoman gotham war
2023-06-30 07:14:32,Batman gotham war
2023-06-30 07:13:31,Batman - Edits
2023-06-30 07:13:31,Colin My Wife Bridgerton
2023-06-30 07:11:30,Taylor Swift - Portugal
2023-06-30 07:03:25,Wanda Maximoff - Edits
2023-06-30 07:02:26,Emma brunner
2023-06-29 19:01:22,Fubar
2023-06-28 13:29:34,Bruce wayne joelle jones
2023-06-28 13:25:32,Bruce wayne dan mora
2023-06-28 13:24:30,Ethan winters
2023-06-28 13:19:02,dean winchester taylor swift
2023-06-28 13:09:34,Taylor swift portugal
2023-06-28 13:09:33,Taylor swift portugal
2023-06-28 13:08:34,taylor swift italy prices
2023-06-28 13:07:35,taylor swift italy prices
2023-06-28 13:07:32,Taylor swift italy
2023-06-26 19:24:53,titan submarine
2023-06-26 19:20:50,Oceangate
2023-06-26 19:19:51,titan submarine jokes
2023-06-26 19:19:49,oceangate
2023-06-26 19:16:11,delete tiktok playlist
2023-06-26 06:58:42,Selena gomez dua lipa
2023-06-26 06:58:40,Selina gomez dua lipa
2023-06-26 06:57:41,Selina gomez dua lipa
2023-06-26 06:43:26,ben wyatt edit
2023-06-26 06:42:26,benschwartz
2023-06-26 06:38:26,theafterparty
2023-06-26 06:37:27,Afterparty yasper
2023-06-26 06:25:28,Love to swim
2023-06-26 06:22:26,golden retriever girlfriend
2023-06-26 06:08:32,colleen ballinger joshua evans
2023-06-26 06:04:33,ht haze taylor swift
2023-06-26 06:03:34,ht haze reputation tour
2023-06-26 06:02:34,superbat edit
2023-06-25 19:23:29,ht haze reputation tour
2023-06-25 19:07:59,Taylor swift fanart
2023-06-25 15:03:24,adam mcintyre
2023-06-25 15:03:22,adam mcintyre
2023-06-25 14:55:23,adam mcintyre colleen ballinger
2023-06-25 14:53:34,adam mcintyre colleen ballinger
2023-06-25 12:05:15,i ghosted my family and fiance part 2
2023-06-25 11:48:57,nick miller edit
2023-06-25 11:45:56,nick miller effect
2023-06-24 19:01:18,harry styles names baby
2023-06-24 19:01:18,Hthaze taylor swift
2023-06-24 18:49:18,barbiethemovie
2023-06-24 13:48:23,tedbecca
2023-06-24 13:44:22,ted becca edit
2023-06-24 12:42:46,Hthaze taylor swift
2023-06-24 12:41:37,logitech controller found
2023-06-24 07:31:49,Hthaze taylor swift
2023-06-24 07:27:49,my dad is swiftie
2023-06-24 06:56:55,Hal jordan
2023-06-24 06:50:56,Hal jordan bruce wayne
2023-06-24 06:46:56,johnny storm peter parker
2023-06-24 06:46:55,johnny storm edit
2023-06-24 06:41:55,barbara kean edit
2023-06-24 06:38:55,leslie thompkins edit
2023-06-24 06:34:54,destiel taylor swift
2023-06-23 19:17:33,max is alive season 5
2023-06-23 19:11:39,logitech creators response
2023-06-23 19:10:41,logitech controller
2023-06-23 12:45:03,wally west edit
2023-06-23 12:34:03,barry allen edit
2023-06-23 12:34:02,Flash barrison
2023-06-23 12:33:04,Barrison
2023-06-23 12:29:02,Olivarry
2023-06-23 12:12:02,lena luthor
2023-06-23 12:04:02,lee thompkins edit
2023-06-23 08:37:23,lee thompkins edit
2023-06-23 08:32:25,Tetch virus
2023-06-23 08:29:23,ted becca edit
2023-06-23 08:12:35,klaus mikaelson edit
2023-06-22 08:28:56,ted becca edit
2023-06-22 08:15:12,Wally west edit
2023-06-22 08:15:11,Wally west
2023-06-22 07:55:53,Teen bruce wayne
2023-06-22 07:54:53,Teen batman
2023-06-22 07:50:53,terry mcginnis edit
2023-06-22 07:49:52,hook and emma
2023-06-22 07:42:52,Colleen ballinger eric
2023-06-22 07:41:56,Colleen ballinger eric
2023-06-22 07:39:53,colleenballinger
2023-06-21 19:25:57,corinthian and jed
2023-06-21 12:46:33,Titanic sub
2023-06-21 12:11:05,taylor swift portugal
2023-06-21 11:39:25,Titanic sub
2023-06-21 11:29:25,the corinthian
2023-06-20 22:57:56,Modoker Convertible Garment bag
2023-06-20 22:57:55,Modoker Convertible Garment bag
2023-06-20 22:54:55,Modoker Convertible Garment bag
2023-06-20 22:54:54,Modoker Convertible Garment bag
2023-06-20 19:27:16,Modoker Convertible Garment bag
2023-06-20 13:33:40,headphones
2023-06-20 13:33:39,Tech tok
2023-06-20 12:59:44,A day in the life of a feup student
2023-06-20 12:58:42,a day in the life of a yale student
2023-06-20 12:56:41,Modoker Convertible Garment bag
2023-06-20 08:53:07,a day in the life of a yale student
2023-06-20 08:47:08,a day in the life of a uni student
2023-06-20 08:46:08,Modoker Convertible Garment bag
2023-06-20 07:54:00,packing for business trip
2023-06-20 07:53:00,organizing suitcase
2023-06-19 19:33:17,jim and lee gotham
2023-06-19 19:29:16,Tedbecca
2023-06-19 19:18:36,scott and emma frost
2023-06-19 19:18:34,Scemma
2023-06-19 19:13:35,emmafrost
2023-06-19 19:13:34,cthulhu_queef
2023-06-19 14:57:05,marvel
2023-06-19 12:18:04,trishapaytas
2023-06-19 12:18:03,trishapaytas
2023-06-19 07:52:14,A day in the life of
2023-06-19 07:32:48,A day in the life of
2023-06-19 07:30:48,ariel saves max
2023-06-19 07:06:43,avengers assemble stony
2023-06-19 07:00:44,steve and tony
2023-06-19 06:56:43,Stony
2023-06-18 19:43:49,A day in the life of
2023-06-18 19:43:47,a day in the life of a software engineer
2023-06-18 19:33:15,dobsley
2023-06-18 19:33:15,Dolbsley
2023-06-18 19:26:15,stelena edit
2023-06-18 12:56:49,a day in the life of a software engineer
2023-06-18 12:52:43,Coding girl setup
2023-06-18 12:26:31,girls who code
2023-06-18 10:47:52,Mattfoggy
2023-06-18 10:39:39,Spideytorch
2023-06-18 08:23:46,Bridgerton Season 3
2023-06-17 19:27:01,crochet bracelet
2023-06-17 19:26:00,single crochet
2023-06-17 19:22:01,dogs and babies
2023-06-17 19:20:01,dogs with pregnant women
2023-06-17 19:17:01,art of racing in the rain
2023-06-17 13:17:31,Programmer girl setup
2023-06-17 13:16:31,crochet dress pattern
2023-06-17 13:10:59,crocheting a dress
2023-06-17 13:08:58,crochet dress summer
2023-06-17 12:46:53,mayday beanie crochet
2023-06-17 12:45:53,mayday beanie crochet
2023-06-17 12:10:46,learn to crochet for beginners
2023-06-17 12:02:57,protective klaus mikaelson
2023-06-17 12:01:57,klaus mikaelson
2023-06-17 11:57:35,Adam and Michael
2023-06-17 07:59:59,Beethekid
2023-06-17 07:56:23,daisy duck in ducktales
2023-06-17 07:11:43,folklore cardigan crochet
2023-06-17 06:38:08,grace and frankie sol and robert
2023-06-17 06:28:23,grace and frankie sol and robert
2023-06-16 19:09:58,Bi bruce wayne
2023-06-16 19:06:59,bi dean winchester edit
2023-06-16 19:03:57,Deancas
2023-06-16 19:01:00,dean and castiel married couple
2023-06-16 19:00:58,Destiel
2023-06-16 18:55:56,coachbeard
2023-06-16 13:25:29,Programmer girl setup
2023-06-16 13:21:30,Women in tech
2023-06-16 13:20:30,cs girl
2023-06-16 13:20:29,Tech girly
2023-06-16 13:17:29,tech girl
2023-06-16 13:16:40,tech girl
2023-06-16 13:05:37,ellewoods
2023-06-16 12:26:38,paulwesleyclosefriends
2023-06-16 12:18:34,paulwesleyclosefriends
2023-06-16 12:05:02,tomavery
2023-06-16 11:51:47,Stelena
2023-06-16 07:25:56,mayaandthethree
2023-06-15 20:00:04,pat montgomery
2023-06-15 19:37:10,klaus and hope
2023-06-15 17:44:52,shakira lewis hamilton
2023-06-15 17:44:51,Shakira
2023-06-15 14:39:19,ian hating damon
2023-06-15 14:16:57,Sansa stark
2023-06-15 14:14:57,brienne and sansa
2023-06-15 14:08:56,lisa simpson chunky
2023-06-14 19:10:58,Klope
2023-06-14 18:47:50,elena and tom avery
2023-06-14 18:45:03,elena and tom avery
2023-06-14 18:40:43,pablobonee
2023-06-14 12:37:31,hope mikaelson edit
2023-06-14 12:33:31,Hope mikaelson
2023-06-14 12:31:22,hope mikaelson
2023-06-14 12:26:21,steroline
2023-06-14 12:23:21,katherine and caroline
2023-06-14 12:00:10,what does july 7th mean taylor swift
2023-06-14 07:58:15,katherine pierce and matt
2023-06-14 07:50:14,Steferine
2023-06-14 07:37:15,tvd edit
2023-06-14 07:32:34,stormpilot
2023-06-14 07:17:08,waking up with neck pain
2023-06-13 19:49:26,vampire nightwing edit
2023-06-13 19:41:31,tvd edit
2023-06-13 19:38:31,terry mcginnis edit
2023-06-13 19:27:32,good omens spoiler
2023-06-13 19:26:44,star wars outlaws
2023-06-13 12:11:10,soap2day closed forever
2023-06-13 07:48:41,Ted lasso bex
2023-06-13 07:43:32,sassycollins
2023-06-13 07:42:32,rebecca welton
2023-06-13 07:31:32,keeley and roy
2023-06-13 07:29:33,Roy kent
2023-06-13 07:17:24,Ted lasso michelle
2023-06-12 12:45:06,stefan lizzie and josie
2023-06-12 12:38:07,Destiel
2023-06-12 12:38:07,good dad bruce wayne
2023-06-12 12:36:05,Destiel
2023-06-12 12:25:32,james kirk paul wesley
2023-06-12 12:11:49,anthony and newton
2023-06-12 11:29:22,love and death pat
2023-06-12 11:25:23,love and death
2023-06-12 07:41:57,star wars outlaws
2023-06-12 07:35:56,terry mcginnis edit
2023-06-12 07:33:58,good parent bruce wayne
2023-06-12 07:14:04,miguel and dana
2023-06-12 07:07:29,miguel and tempest
2023-06-11 13:23:31,Bonnie and stefan
2023-06-11 13:23:30,Bonnie and stefan
2023-06-11 13:20:32,klaus mikaelson strategist
2023-06-11 13:20:31,Bonnie and stefan
2023-06-11 13:14:30,klaus mikaelson
2023-06-11 07:34:07,matpat and ollie
2023-06-11 07:32:06,matpat controversy
2023-06-11 07:32:05,colleen ballinger controversy
2023-06-11 07:07:54,gotham knights harvey dent
2023-06-11 07:06:54,Duela and harvey
2023-06-11 07:05:53,harveydent
2023-06-10 19:08:03,Sambucky
2023-06-10 19:07:26,Sambucky
2023-06-10 18:57:02,Mayday parker
2023-06-10 12:51:32,hook and emma
2023-06-10 12:25:37,klausmikaelson
2023-06-10 12:25:37,klayley
2023-06-10 12:22:37,Bruce x talia
2023-06-10 12:21:37,brutalia edits
2023-06-10 08:09:31,upper arm fat
2023-06-10 08:06:30,burger king spider man
2023-06-10 07:47:14,Batman/catwoman gotham war
2023-06-10 07:47:12,batcat
2023-06-10 07:31:03,ted lasso roy and keely
2023-06-10 07:31:03,Beethekid
2023-06-10 07:29:03,ted lasso roy and keely
2023-06-10 07:26:03,Ted lasso henry
2023-06-09 19:18:06,how to pull your phone out in miles
2023-06-09 13:07:47,lizzie saltzman
2023-06-09 13:02:01,lizzie saltzman
2023-06-09 13:02:00,hope mikaelson
2023-06-09 13:02:00,lizzie vampire
2023-06-09 12:54:49,klayley
2023-06-09 07:52:07,klayley
2023-06-09 07:30:44,scott summers
2023-06-09 07:30:43,scott summers
2023-06-09 07:26:43,scott summers
2023-06-08 19:38:06,new girl
2023-06-08 19:34:05,2brokegirls
2023-06-08 19:18:05,stefan salvatore edit
2023-06-08 19:10:53,Mayday parker
2023-06-08 19:09:56,Mayday parker
2023-06-08 19:09:55,Mayday parker
2023-06-08 19:05:53,waynefamilyadventures
2023-06-08 18:45:47,Apple Pro Vision
2023-06-08 18:45:46,Apple Pro Vision
2023-06-08 13:41:11,Apple Pro Vision
2023-06-08 12:05:09,royjamie
2023-06-08 07:18:48,rebeccaweltonedit
2023-06-08 07:11:49,ted lasso edit
2023-06-08 07:09:50,Ted lasso sassy
2023-06-08 07:07:50,Ted lasso sassie
2023-06-08 07:06:49,tedbecca
2023-06-07 23:06:27,tedbecca
2023-06-07 23:03:58,ted lasso rebecca welton
2023-06-07 19:50:14,rebeccawelton
2023-06-07 19:44:15,stefan salvatore edit
2023-06-07 18:57:36,Mam4pro
2023-06-07 08:51:41,the lasso way
2023-06-07 08:45:40,ted lasso trent crimm
2023-06-07 08:38:39,ted lasso edits
2023-06-07 08:18:42,mayday parker
2023-06-06 19:46:55,meghanmarkle
2023-06-06 19:45:54,Prince harry
2023-06-05 12:35:41,stefan salvatore edit
2023-06-05 12:27:40,hope mikaelson edit
2023-06-04 19:32:06,Led tasso
2023-06-04 11:54:14,ted lasso fancam
2023-06-04 11:53:29,ted lasso fancam
2023-06-04 07:40:55,Ted lasso season 2
2023-06-04 07:38:56,Ted lasso
2023-06-04 07:38:55,Beethekid
2023-06-04 07:32:57,Klefan edit
2023-06-04 07:31:56,Klefan
2023-06-04 07:30:55,klaus and stefan
2023-06-04 07:29:58,klaus and stefan
2023-06-04 07:27:55,mayday parker
2023-06-04 07:26:55,mayday parker
2023-06-03 19:09:07,klaus and stefan
2023-06-03 13:10:51,klaus and stefan
2023-06-03 13:05:51,Klefan
2023-06-03 08:10:34,acrossthespiderverse
2023-06-03 08:03:35,spider verse
2023-06-03 08:03:34,spider verse
2023-06-03 08:02:33,spider verse
2023-06-03 07:57:34,mayday parker
2023-06-03 07:56:34,mayday parker
2023-06-03 07:35:33,Beethekid
2023-06-03 07:29:34,keeleyjonesedit
2023-06-03 07:01:59,tedtrent
2023-06-02 07:15:10,DDG
2023-06-01 08:03:52,tedtrentedit
2023-05-31 19:47:48,tedtrentedit
2023-05-31 12:49:47,klefan
2023-05-31 12:32:04,quokka
2023-05-31 08:16:29,tedlasso
2023-05-31 08:04:32,tedtrentedit
2023-05-31 08:00:32,tedbecca
2023-05-31 07:45:19,tedlasso
2023-05-31 07:43:21,azealia banks taylor swift
2023-05-30 19:37:37,tedtrentedit
2023-05-30 12:55:41,mayday parker
2023-05-30 12:55:40,mayday parker
2023-05-30 07:46:00,ted lasso
2023-05-30 07:44:02,jamie tartt
2023-05-30 07:30:25,Skysolo edit
2023-05-30 07:30:24,Skysolo edit
2023-05-30 07:30:23,Skysolo
2023-05-29 13:19:38,Beethekid
2023-05-29 13:18:38,katniss are you there
2023-05-29 12:54:38,Ted lasso season 1
2023-05-29 12:54:37,Ted lasso
2023-05-29 07:34:21,whouffaldi
2023-05-28 19:42:18,Catwoman
2023-05-28 19:40:19,Gotham war
2023-05-28 19:40:18,Batman vs catwoman
2023-05-28 19:40:17,Gotham war
2023-05-28 19:34:17,Lokius
2023-05-28 19:23:16,hthaze
2023-05-28 12:50:16,everlark
2023-05-28 12:42:17,petta mallerk
2023-05-28 12:39:17,destiel jealous
2023-05-28 12:38:16,Destiel
2023-05-28 07:59:21,petta mallerk
2023-05-27 07:48:34,deckerstar
2023-05-25 19:50:56,buffysummers
2023-05-25 13:24:12,spiderman2
2023-05-25 12:55:27,Flash finale
2023-05-24 07:40:26,Alba baptista
2023-05-24 07:38:09,chris evans alba baptista
2023-05-24 07:36:07,peeta and finnick
2023-05-24 07:21:25,klaroline
2023-05-23 19:25:39,Taylor swift eras tour rain
2023-05-23 12:37:28,terry mcginnis edit
2023-05-23 12:34:29,dc vs vampires
2023-05-23 12:27:30,Pathetic hal jordan
2023-05-23 12:21:29,Hal jordan
2023-05-23 12:08:31,terry mcginnis edit
2023-05-23 12:07:26,Beethekid
2023-05-23 12:06:13,mishacollins
2023-05-23 12:06:13,harveydent
2023-05-23 08:22:24,charles and erik
2023-05-20 19:25:41,terry mcginnis edit
2023-05-20 19:18:41,Eddie thawne
2023-05-20 19:13:41,westallen
2023-05-20 12:36:43,Superbat edit
2023-05-20 12:32:43,peeta and finnick
2023-05-20 12:26:43,blake lively plantation
2023-05-20 12:17:43,beluga whales
2023-05-20 08:06:16,terry mcginnis edit
2023-05-20 08:02:16,Batman comic edit
2023-05-20 08:02:15,barbie posters marvel
2023-05-20 08:01:16,Batman edit
2023-05-20 07:39:42,bruce wayne edit
2023-05-19 22:17:09,Citadel
2023-05-18 14:06:39,Krypton
2023-05-18 14:04:39,mayday parker
2023-05-18 13:59:15,joel miller edit
2023-05-17 07:11:57,mayday parker
2023-05-17 06:29:01,Beethekid
2023-05-17 06:28:00,gregory bridgerton
2023-05-17 06:21:17,Benedict bridgerton
2023-05-16 12:09:48,Benedict bridgerton
2023-05-16 12:06:48,stefon seth meyers
2023-05-16 06:32:27,Wally west edit
2023-05-16 06:32:26,Wally west edit
2023-05-16 06:32:25,wallywest
2023-05-16 06:17:54,wallywest
2023-05-15 19:37:21,Benedict bridgerton
2023-05-14 19:40:11,legends of tomorrow dionysus
2023-05-14 19:38:10,Do you think he ever plans it all out
2023-05-14 19:35:12,catherine and peter
2023-05-14 13:18:32,newton bridgerton
2023-05-13 19:52:13,ned fulmer update
2023-05-13 19:50:15,ryan reynolds taylor swift
2023-05-13 19:45:53,erastourphilly
2023-05-13 16:26:40,Benedict bridgerton
2023-05-13 12:55:40,catherinethegreat
2023-05-13 12:50:41,the great catherine and peter
2023-05-13 12:44:41,The great paul
2023-05-13 08:15:20,The great paul
2023-05-13 08:15:18,peter and catherine
2023-05-13 08:13:18,peter and catherine
2023-05-13 08:10:18,peter and catherine
2023-05-13 07:33:05,Destiel
2023-05-13 07:33:01,Destiel
2023-05-12 19:16:45,John mulaney
2023-05-12 19:16:44,John mulaney
2023-05-12 19:15:44,john mulaney relapse
2023-05-12 12:27:35,Bruce wayne chaotic
2023-05-12 12:24:42,Brucie wayne
2023-05-12 12:24:41,Brucie wayne
2023-05-12 11:57:59,daisy and cal johnson
2023-05-12 07:59:28,lord ledger
2023-05-12 07:46:47,kanthonyedit
2023-05-12 07:39:48,violet bridgerton
2023-05-12 07:39:47,violet bridgerton
2023-05-12 07:39:46,violet bridgerton and footman
2023-05-12 07:28:47,lady danbury
2023-05-12 07:25:46,ladywhistledown
2023-05-12 07:21:47,dungeonsanddragonshonoramongthieves
2023-05-12 07:04:46,sambuckyedit
2023-05-11 19:38:55,killian jones edits
2023-05-11 19:36:54,andrew garfield
2023-05-11 19:33:54,misha collins gotham knights
2023-05-11 19:30:53,destieledit
2023-05-11 19:14:55,Scogan
2023-05-11 19:13:54,jeangrey
2023-05-11 19:12:54,jeangrey
2023-05-11 18:54:20,Beethekid
2023-05-11 18:53:20,sociedadedajustica
2023-05-11 18:53:20,justicesociety
2023-05-11 18:53:19,societyofjustice
2023-05-10 19:39:29,dndedit
2023-05-10 19:38:29,dndedit
2023-05-10 19:29:26,love and death
2023-05-10 13:50:12,daphnebridgerton
2023-05-10 07:55:07,Andrew Garfield - Edits
2023-05-10 07:51:05,harveydent
2023-05-10 07:47:05,Cassie lang
2023-05-09 19:40:36,loveanddeath
2023-05-09 19:38:38,tell me what she did
2023-05-09 19:10:16,hives on skin
2023-05-09 12:32:48,Thebeekid
2023-05-09 12:32:47,dndfilm
2023-05-09 12:30:48,dndfilm
2023-05-09 07:46:04,Claire and gloria
2023-05-09 07:35:03,cam modern family
2023-05-09 07:31:05,cam modern family
2023-05-09 07:26:04,hives or bed bugs
2023-05-09 07:23:04,stress hives
2023-05-09 06:48:01,king george edit
2023-05-09 06:06:41,Sylvester looney tunes show
2023-05-09 06:05:41,sylvester looney tunes
2023-05-08 13:05:08,eloise makes the queen laugh
2023-05-08 12:02:04,Wally west edit
2023-05-08 06:52:34,farmer george
2023-05-08 06:43:35,charlatotte and george
2023-05-08 06:39:33,parksborn
2023-05-08 06:25:33,kanthony
2023-05-07 19:46:23,queencharlotte
2023-05-07 13:38:57,katy perry coronation concert performance
2023-05-07 13:27:30,queencharlotte
2023-05-07 13:22:05,anthonybridgerton
2023-05-07 13:21:05,anthonybridgerton
2023-05-07 13:09:19,emma chamberlain
2023-05-07 13:02:35,The intern ending
2023-05-07 12:46:35,thelntern
2023-05-07 12:19:36,Batman & Catwoman
2023-05-07 12:19:36,lena luthor
2023-05-07 12:09:48,peter and gamora
2023-05-07 07:49:31,Thebeekid
2023-05-07 07:44:31,braces with rubber bands
2023-05-06 07:54:56,ocean's 8
2023-05-06 07:17:10,javier peña
2023-05-05 08:50:25,Fernando alonso
2023-05-05 08:50:24,Fernando alonso
2023-05-04 19:44:26,gloria modern family
2023-05-04 19:44:25,gloria pritchett edit
2023-05-04 19:29:12,bridgerton
2023-05-04 19:22:26,bridgerton
2023-05-04 13:55:02,Cassandra cain
2023-05-04 13:46:01,tommy merlyn
2023-05-04 13:33:46,chinese takeaway american offended
2023-09-22 16:17:38,how to tie a friendship bracelet
2023-09-19 17:13:39,bf taylor
2023-09-15 16:45:31,girl math
2023-09-15 16:45:28,girl math
2023-09-11 20:32:41,monster high
2023-09-11 20:32:38,monster high
2023-09-11 17:23:21,taylor swift hozier
2023-09-11 13:07:28,one piece
2023-09-09 20:33:16,olivia rodrigo girl i've always been
2023-09-09 20:33:02,olivia rodrigo secret song vinyl
2023-09-09 20:32:09,olivia rodrigo scared of my guitar
2023-09-09 20:31:58,olivia rodrigo secret song vinyl
2023-09-09 20:31:17,olivia rodrigo stranger
2023-09-09 20:30:06,olivia rodrigo secret song vinyl
2023-09-09 20:30:00,olivia rodrigo secret song vinyl
2023-09-09 20:29:56,olivia rodrigo secret song vinyl
2023-09-09 20:29:52,olivia rodrigo secret song vinyl
2023-09-03 20:51:13,fixation_or_infatuation
2023-09-03 20:51:08,fixation_or_infatuation
2023-09-03 18:59:13,shrek thirst trap
2023-09-03 18:57:44,miguel o'hara edit
2023-09-01 10:14:48,spider-man across the spider-verse
2023-08-19 14:11:49,barbie dance scene
2023-08-19 14:11:26,barbie dance
2023-08-19 14:11:23,barbie dance
2023-08-18 13:27:57,kindle
2023-08-18 13:27:54,kindle
2023-08-18 13:27:52,kindle
2023-08-17 21:17:01,chris olsen
2023-08-17 17:51:00,tati westbrook
2023-08-17 17:50:58,tati westbrook
2023-08-17 17:50:53,tati westbrook
2023-08-14 20:53:30,asmr
2023-08-14 20:18:21,liz beekid
2023-08-14 20:18:18,liz beekid
2023-08-14 20:18:07,beekid
2023-08-14 20:17:57,liz
2023-08-14 20:17:52,liz
2023-08-14 09:55:51,barbie dance the night away
2023-08-11 20:45:41,hannigram
2023-08-10 20:06:13,barbie duolingo
2023-08-06 13:22:45,brain and monsieur mallah
2023-07-29 17:58:29,#kitten
2023-07-20 20:25:47,aliexpress eras tour
2023-07-20 20:25:22,aliexpress taylor swift
2023-07-20 20:25:16,aliexpress taylor swift
2023-07-10 14:02:59,free coding courses
2023-07-09 14:07:42,seetickets portugal
2023-07-09 14:05:07,seetickets coldplay
2023-06-29 18:35:38,submarine taylor swift
2023-06-29 18:33:21,bill hader dance
2023-05-20 16:16:57,funny voice filter animals
2023-05-20 13:59:12,rory obsessed with henry cavill
2023-05-18 20:15:18,soap mom
2023-05-10 11:19:59,grogu narrator
2023-05-10 11:19:13,grogu voice filter
2023-05-07 20:05:35,emotional support clown
2023-04-29 21:54:14,fernando alonso 
2023-04-29 21:52:13,fernando alonso 
2023-04-07 10:45:13,how to write an essay
2023-04-06 14:37:36,how to write an essay
2023-04-06 14:37:34,how to write an essay
2023-04-06 14:37:26,how to do an essay
