Date,Link,Likes
2021-09-21 19:31:31,https://video-va.tiktokv.com/storage/v1/tos-useast2a-ve-0068c001/412c450e8a674794bb4364ee52760547?a=1233&ch=0&cr=0&dr=0&cd=0%7C0%7C0%7C0&br=378&bt=189&bti=Ojw6QDA1M2A%3D&cs=0&ds=6&ft=dcPpp-Inz7TRMlwZiyq8Z&mime_type=video_mp4&qs=13&rc=M2hnbWY6ZjY2ODMzNzczM0BpM2hnbWY6ZjY2ODMzNzczM0BwcmZvcjRnMzJgLS1kMTZzYSNwcmZvcjRnMzJgLS1kMTZzcw%3D%3D&l=02169604863101900000000000000000000ffff0a63885b8cdb78&btag=e00048000&x-tos-algorithm=v2&x-tos-authkey=5bf25627da095a5cba28ace592de46cc&x-tos-expires=1696912720&x-tos-signature=UjW2DDZH9hMIRwjZ8bgQdgL6y38,12
2021-09-11 20:46:59,https://video-va.tiktokv.com/storage/v1/tos-useast2a-ve-0068c003/4930963ee650480787bb33af6be052e0?a=1233&ch=0&cr=0&dr=0&cd=0%7C0%7C0%7C0&br=860&bt=430&bti=Ojw6QDA1M2A%3D&cs=0&ds=6&ft=dcPpp-Inz7TRMlwZiyq8Z&mime_type=video_mp4&qs=13&rc=MzR0Nzw6ZmprNzMzNzczM0BpMzR0Nzw6ZmprNzMzNzczM0BrNmVncjRfX3JgLS1kMTZzYSNrNmVncjRfX3JgLS1kMTZzcw%3D%3D&l=02169604863101900000000000000000000ffff0a63885b8cdb78&btag=e00048000&x-tos-algorithm=v2&x-tos-authkey=5bf25627da095a5cba28ace592de46cc&x-tos-expires=1696912704&x-tos-signature=e2kW8r-r3XfI-7zWctsSWVoAx-o,13
2021-07-28 18:26:16,https://video-va.tiktokv.com/storage/v1/tos-maliva-ve-0068c800-us/cb0883921c444baead7d5fb5f8c4d877?a=1233&ch=0&cr=0&dr=0&cd=0%7C0%7C0%7C0&br=1088&bt=544&bti=Ojw6QDA1M2A%3D&cs=0&ds=6&ft=dcPpp-Inz7TRMlwZiyq8Z&mime_type=video_mp4&qs=13&rc=amhnbWU6ZmdzNzMzNzczM0BpamhnbWU6ZmdzNzMzNzczM0BtYW9gcjQwcy1gLS1kMTZzYSNtYW9gcjQwcy1gLS1kMTZzcw%3D%3D&l=02169604863101900000000000000000000ffff0a63885b8cdb78&btag=e00048000&x-tos-algorithm=v2&x-tos-authkey=5bf25627da095a5cba28ace592de46cc&x-tos-expires=1696912730&x-tos-signature=AFRc7l8jBRl4E4FUCfGIIM7RGl4,91
2021-07-26 09:42:28,https://video-va.tiktokv.com/storage/v1/tos-maliva-ve-0068c800-us/a2a1f0184b8c4dcda7cbd3ee1ed53da8?a=1233&ch=0&cr=0&dr=0&cd=0%7C0%7C0%7C0&br=624&bt=312&bti=Ojw6QDA1M2A%3D&cs=0&ds=6&ft=dcPpp-Inz7TRMlwZiyq8Z&mime_type=video_mp4&qs=13&rc=ajM5ZjM6Zmk7NjMzNzczM0BpajM5ZjM6Zmk7NjMzNzczM0AzbGVkcjQwM3NgLS1kMTZzYSMzbGVkcjQwM3NgLS1kMTZzcw%3D%3D&l=02169604863101900000000000000000000ffff0a63885b8cdb78&btag=e00048000&x-tos-algorithm=v2&x-tos-authkey=5bf25627da095a5cba28ace592de46cc&x-tos-expires=1696912702&x-tos-signature=xz96A7i_AM9dAlIJJtJx3KvjWMk,117
2021-10-05 12:02:06,https://video-va.tiktokv.com/kfc/tos-useast2a-ve-0068c001/5c2a85c519864b87bca7a347d60c8649?a=1233&ch=0&cr=0&dr=0&cd=0%7C0%7C0%7C0&br=4566&bt=2283&bti=Ojw6QDA1M2A%3D&cs=0&ds=3&ft=dcPpp-Inz7TRMlwZiyq8Z&mime_type=video_mp4&qs=13&rc=amZmbjo6Zmg2ODMzNzczM0BpamZmbjo6Zmg2ODMzNzczM0BsY2cvcjRvcWJgLS1kMTZzYSNsY2cvcjRvcWJgLS1kMTZzcw%3D%3D&btag=200048000&dpk=Mv7QPJ7F42eTsJKa05XAFYcIcYgHzwFfjLSXer7AKrVgvYUKTUfwM1FJm9VGSnhAHLaYBNa5KIIg4iwPlUXyE%2BINXghEefND3xn10w%3D%3D&dpm=aes-256-cfb&l=02169604863101900000000000000000000ffff0a63885b8cdb78&x-tos-algorithm=v2&x-tos-authkey=5bf25627da095a5cba28ace592de46cc&x-tos-expires=1696912703&x-tos-signature=rkPbeNBfchJEnMLQnWZG-wH7bMk,0
